stable_ref,paragraph_id,run_start,run_end,internal_quote_chars,disposition,run_text
LDC.T01.SEC113.005.P002,ldc_t01_sec113_5_p002,0,136,1,PRESERVED_INSIDE_RUN,"""Écoute bien : «J'étais parfaitement heureux dans le Sein de Mon Père. Il n'y avait aucun bien que Je ne possédais : Joie, Félicité, etc."""
LDC.T01.SEC113.005.R02.P007,ldc_t01_sec113_5_r02_p007,0,140,1,PRESERVED_INSIDE_RUN,"'Je leur dis : «Mes enfants, donnez-Moi vos cœurs, qui sont Miens. En échange, Je vous donnerai tout ce que vous voudrez, y compris Moi-même"
LDC.T01.SEC011.P010,ldc_t01_sec011_p010,0,241,1,PRESERVED_INSIDE_RUN,"'Fais comme si, de Ma bouche, tu entendais ceci : «Ma fille, Je veux que tu souffres un peu. Par ces souffrances, Je te ferai belle. Je veux"
LDC.T01.SEC113.005.R02.P010,ldc_t01_sec113_5_r02_p010,0,132,1,PRESERVED_INSIDE_RUN,"""Oh ! ne trompez pas Mes espérances !» En voyant les créatures résister à Mon Amour et s'éloigner de Moi, J'ai essayé de les retenir."""
LDC.T02.1899-10-25.E001.P010,ldc_t02_1899_10_25_e001_p010,0,240,2,PRESERVED_INSIDE_RUN,"'Si un grand nombre d\'entre eux se perdent, là n\'est pas Ma Volonté. C\'est la conséquence de leur méchanceté et de leur volonté obstinée."
LDC.T02.1899-09-19.E001.P017,ldc_t02_1899_09_19_e001_p017,0,221,2,PRESERVED_INSIDE_RUN,"'Lorsque tu prendras possession de Mes Mérites comme s\'ils étaient tiens, ton ""rien"" ne se sentira plus dissous dans le néant, mais se sent"
LDC.T02.1899-09-19.E001.P020,ldc_t02_1899_09_19_e001_p020,0,159,2,PRESERVED_INSIDE_RUN,"'Ah ! Oui ! L\'Espérance permet à l\'âme d\'obtenir tout ce qu\'elle veut. Elle est la porte du ciel, le seul moyen d\'y entrer. Car ""qui es"
LDC.T02.1899-08-15.E001.P025,ldc_t02_1899_08_15_e001_p025,18,265,2,PRESERVED_INSIDE_RUN,"'Le premier cantique qu\'ils ont chanté fut le ""Je te salue, Marie"" vu que, par cette prière, on lui adresse les plus belles louanges, les p"
LDC.T02.1899-09-19.E001.P026,ldc_t02_1899_09_19_e001_p026,0,151,3,PRESERVED_INSIDE_RUN,"'Elle redonne la paix à l\'âme. Elle la pousse à se relever. Elle lui donne des forces nouvelles et la conduit devant le ""Roi Foi"" et la ""Re"
LDC.T02.1899-09-01.E001.P030,ldc_t02_1899_08_31_e001_p035,0,207,2,PRESERVED_INSIDE_RUN,"'Ça lui est égal qu\'une âme souffre ou pas, qu\'elle vive ou meure. Elle vise uniquement à gagner, ne s\'occupant de rien d\'autre. C\'est "
LDC.T02.1899-09-01.E001.P032,ldc_t02_1899_08_31_e001_p037,0,173,2,PRESERVED_INSIDE_RUN,"'Ah ! Oui ! C\'est vrai qu\'elle M\'a coûté la vie. Mais le mot ""obéissance"" résonne comme une douce musique à Mon oreille. C\'est pourquoi "
LDC.T03.1900-01-08.E001.P005,ldc_t03_1900_01_08_e001_p005,0,134,2,PRESERVED_INSIDE_RUN,"'Mais Je t\'assure qu\'ils ne trouveront pas une ombre de vice, ni rien qui ne dise ""vertu"". Car, quand tu écris, Moi-même guide ta main.'"
LDC.T04.1902-02-03.E001.P007,ldc_t04_1902_02_03_e001_p007,0,238,1,PRESERVED_INSIDE_RUN,"'Mais le Soleil divin, comme s\'Il nageait au milieu de la société, s\'écrie continuellement en disant : ""Ô homme, ne te souviens-tu pas de "
LDC.T04.1902-12-31.E001.P008,ldc_t04_1902_12_31_e001_p008,0,199,1,PRESERVED_INSIDE_RUN,"'Et cet état d\'expiation, Moi, Je l\'ai souffert à Gethsémani, au point où J\'en suis arrivé à dire : ""S\'il est possible, que ce calice s\"
LDC.T04.1902-12-04.E001.P010,ldc_t04_1902_12_04_e001_p010,15,67,2,PRESERVED_INSIDE_RUN,"'Que signifie cette Parole : ""Montre-toi au prêtre"" ?'"
LDC.T04.1902-11-21.E001.P021,ldc_t04_1902_11_21_e001_p021,0,133,1,PRESERVED_INSIDE_RUN,"'Cependant, dis-lui ceci : ""Veulent-ils s\'amuser avec Moi ? Malheur à celui qui veut plaisanter avec Moi et lutter contre Ma Volonté !'"
LDC.T05.1903-06-06.E001.P003,ldc_t05_1903_06_06_e001_p003,1,198,1,PRESERVED_INSIDE_RUN,"'Ma fille, tout ce que tu souffres dans tes bras, tes jambes et ton cœur, unis-le à Mes propres souffrances dans les plaies de Mes bras, de "
LDC.T05.1903-06-06.E001.P004,ldc_t05_1903_06_06_e001_p004,0,284,2,PRESERVED_INSIDE_RUN,'Et offre-toi à la Justice divine en réparation des mauvaises actions et des mauvais désirs des créatures en t\'unissant à ce que J\'ai souf
LDC.T05.1903-06-15.E001.P004,ldc_t05_1903_06_15_e001_p004,0,153,1,PRESERVED_INSIDE_RUN,"'Si, au contraire, la personne se sert de ses sens pour Me glorifier, Je peux lui dire : ""Tu es Mes Yeux, Mes Oreilles, Ma Bouche, Mes Mains"
LDC.T05.1903-06-16.E001.P011,ldc_t05_1903_06_16_e001_p011,0,230,4,PRESERVED_INSIDE_RUN,"'Si, au contraire, l\'âme dit ""oui"" à un moment et ""non"" à un autre ; si elle cherche un but particulier cette fois et un autre but la fois "
LDC.T06.1905-05-26.E001.P003,ldc_t06_1905_05_26_e001_p003,0,261,2,PRESERVED_INSIDE_RUN,"'À mesure que Je l\'entends, Je ne cesse de répéter : ""Tout, tout, tout de cette âme est mien. Je l\'aime, Je l\'aime tellement !"" Je scelle"
LDC.T06.1904-02-08.E001.P004,ldc_t06_1904_02_08_e001_p004,0,111,2,PRESERVED_INSIDE_RUN,"'Je peux lui dire : ""tu es Mon œil, Ma bouche, Mon cœur, Mes mains et Mes pieds."" De son côté, l\'âme peut dire :'"
LDC.T06.1905-07-22.E001.P004,ldc_t06_1905_07_22_e001_p004,0,141,1,PRESERVED_INSIDE_RUN,"'Eh bien, Moi, Je te dis : ""Mortifie-toi par amour pour Moi ou sois soulagée par Amour pour Moi, l\'un et l\'autre ont le même poids à Mes y"
LDC.T06.1903-12-10.E001.P005,ldc_t06_1903_12_10_e001_p005,0,169,2,PRESERVED_INSIDE_RUN,"""C'est la réalisation de : «Dieu est toujours ancien et toujours nouveau.» Ils ne se sentent jamais fatigués parce qu'ils vivent continuelle"
LDC.T06.1904-04-09.E001.P008,ldc_t06_1904_04_09_e001_p008,0,146,1,PRESERVED_INSIDE_RUN,"'Je te dirai : ""Comme tu es belle ! Je sens en toi le feu de Mon Amour et le parfum de Mes Fragrances. Je veux faire Ma demeure perpétuelle "
LDC.T06.1905-09-04.E001.P018,ldc_t06_1905_09_04_e001_p018,0,92,1,PRESERVED_INSIDE_RUN,"'Je dis : ""Ah ! C\'est la voix de Ma bien-aimée ! Je ne peux faire autrement que de l\'écouter.'"
LDC.T07.1906-09-11.E001.P002,ldc_t07_1906_09_11_e001_p002,16,302,2,PRESERVED_INSIDE_RUN,"'Ma fille, tous les travaux, les paroles et les pensées des créatures devraient être estampillés du sceau ""Ad Gloriam Dei"". Tous les travaux"
LDC.T07.1906-02-12.E001.P006,ldc_t07_1906_02_12_e001_p006,0,96,2,PRESERVED_INSIDE_RUN,"'Ma chère fille, pense à l\'ambiance de paix dans laquelle baignent les mots : ""Volonté de Dieu"" !'"
LDC.T07.1906-10-13.E001.P006,ldc_t07_1906_10_13_e001_p006,0,142,2,PRESERVED_INSIDE_RUN,"'Il viendra un temps où ils serviront de miroir pour les autres. Parce que tout ce que tu écris est dit par Moi et constitue un ""Miroir Divi"
LDC.T07.1906-12-03.E001.P006,ldc_t07_1906_12_03_e001_p006,0,279,2,PRESERVED_INSIDE_RUN,"'Je ne veux accepter que les manières douces et paisibles parce que la douceur et la paix sont ce qui relient les cœurs. Alors, Je peux dire"
LDC.T07.1906-10-13.E001.P007,ldc_t07_1906_10_13_e001_p007,0,156,2,PRESERVED_INSIDE_RUN,'Est-ce ton désir d\'éloigner ce miroir de Mes créatures ? Pense à cela sérieusement. Ne désire pas Me contrarier en n\'écrivant pas tout de
LDC.T07.1906-03-13.E001.P008,ldc_t07_1906_03_13_e001_p008,0,167,2,PRESERVED_INSIDE_RUN,"'Pendant que le besoin de Moi grandit en toi, le besoin de toi grandit en Moi, et Je Me dis : ""Je vais vers elle pour donner du repos à Mon "
LDC.T07.1906-05-06.E001.P010,ldc_t07_1906_05_06_e001_p010,37,184,2,PRESERVED_INSIDE_RUN,"'Ma fille, ne sois pas effrayée ! Toi, Je ne te maudis pas. Non ! À toi, Je dis : ""Bénie, bénie mille fois !"" Pleure et prie pour tous ces v"
LDC.T08.1907-11-03.E001.P001,ldc_t08_1907_11_03_e001_p001,353,582,2,PRESERVED_INSIDE_RUN,"'Ma fille, Ma Volonté et la tienne ne font qu\'un, et si Je dis : ""Allons de l\'avant avec les châtiments"", ne dis-Je pas la même chose conc"
LDC.T08.1908-12-27.E001.P004,ldc_t08_1908_12_27_e001_p004,67,124,1,PRESERVED_INSIDE_RUN,"""et que Je lui répondais : «Je t'aime, Je t'aime, ô Maman."""
LDC.T08.1908-12-27.E001.P005,ldc_t08_1908_12_27_e001_p005,0,260,2,PRESERVED_INSIDE_RUN,"'Et Je n\'étais pas seul : à Mes ""Je t\'aime"", le Père, le Saint-Esprit ainsi que toute la création - les anges, les saints, les étoiles, le"
LDC.T08.1909-01-22.E001.P005,ldc_t08_1909_01_22_e001_p005,1,689,4,PRESERVED_INSIDE_RUN,"'Ma fille, tu parles sottement. À côté des ""dons spontanés"" que Je fais aux âmes, il y a les ""dons obligatoires"". Pour ce qui est des dons s"
LDC.T08.1909-01-27.E001.P005,ldc_t08_1909_01_27_e001_p005,1,67,2,PRESERVED_INSIDE_RUN,"'Ma fille, sais-tu qui tu es ? ""Luisa de la Passion du Tabernacle"".'"
LDC.T08.1909-01-30.E001.P005,ldc_t08_1909_01_30_e001_p005,215,297,2,PRESERVED_INSIDE_RUN,"'Les réponses à ces ""pourquoi"" ne sont pas écrites sur la terre, mais dans le Ciel.'"
LDC.T08.1909-01-27.E001.P006,ldc_t08_1909_01_27_e001_p006,0,567,4,PRESERVED_INSIDE_RUN,"'Quand Je te fais partager Mes souffrances, tu es ""du Calvaire"". Quand Je ne le fais pas, tu es ""du Tabernacle"". Vois comme cela est vrai. D"
LDC.T08.1909-01-30.E001.P006,ldc_t08_1909_01_30_e001_p006,0,223,6,PRESERVED_INSIDE_RUN,"'Là, tous liront les réponses. Sais-tu d\'où proviennent ces ""pourquoi"" ? De l\'égoïsme nourri par l\'amour de soi. Sais-tu où furent créés "
LDC.T08.1908-12-27.E001.P007,ldc_t08_1908_12_27_e001_p007,215,244,1,PRESERVED_INSIDE_RUN,"""Je lui dis aussi : «Je t'aime"""
LDC.T08.1909-01-27.E001.P007,ldc_t08_1909_01_27_e001_p007,0,247,1,PRESERVED_INSIDE_RUN,"'Par conséquent, si ta volonté est la même que lorsque Je te fais partager Mes Souffrances, si ton offrande est la même, si ton intérieur re"
LDC.T08.1909-01-30.E001.P007,ldc_t08_1909_01_30_e001_p007,0,181,2,PRESERVED_INSIDE_RUN,"'Les effets du premier ""pourquoi"" furent la perte de l\'innocence dans le Paradis terrestre, la guerre des passions indomptables, la ruine d"
LDC.T08.1909-01-30.E001.P008,ldc_t08_1909_01_30_e001_p008,0,142,4,PRESERVED_INSIDE_RUN,"'L\'histoire du ""pourquoi"" est longue. Il est suffisant de te dire qu\'il n\'est pas de maux dans le monde qui ne portent la marque du ""pour"
LDC.T08.1909-01-30.E001.P009,ldc_t08_1909_01_30_e001_p009,0,68,2,PRESERVED_INSIDE_RUN,"'Le ""pourquoi"" est la destruction de la Sagesse divine dans les âmes.'"
LDC.T08.1908-12-27.E001.P010,ldc_t08_1908_12_27_e001_p010,0,91,1,PRESERVED_INSIDE_RUN,"""Cela est suffisant pour qu'un Dieu les honore en leur répondant : «Je vous aime Moi aussi !"""
LDC.T08.1909-01-30.E001.P010,ldc_t08_1909_01_30_e001_p010,0,151,2,PRESERVED_INSIDE_RUN,"'Et sais-tu où le ""pourquoi"" sera enterré ? En enfer, pour y rendre les âmes perdues sans repos pour l\'éternité, sans qu\'elles puissent tr"
LDC.T08.1909-01-30.E001.P011,ldc_t08_1909_01_30_e001_p011,0,63,2,PRESERVED_INSIDE_RUN,"'L\'art du ""pourquoi"" est de faire la guerre aux âmes sans répit.'"
LDC.T08.1908-08-10.E001.P012,ldc_t08_1908_08_10_e001_p012,213,321,4,PRESERVED_INSIDE_RUN,"'L\'amour ne dit jamais ""assez"". Même si l\'amour fouette l\'âme et la met en pièces, ces pièces crient ""amour"".'"
LDC.T08.1908-08-10.E001.P013,ldc_t08_1908_08_10_e001_p013,0,95,2,PRESERVED_INSIDE_RUN,"'L\'Amour ne dit jamais ""assez"". Et, non content, Il pulvérise ces pièces. Il les réduit à néant.'"
LDC.T09.1909-11-25.E001.P002,ldc_t09_1909_11_25_e001_p002,1,668,1,PRESERVED_INSIDE_RUN,"'Ma fille, les hommes n\'ont agi que sur l\'écorce de Mon Humanité. Alors que l\'Amour éternel agissait sur tout Mon intérieur. Ainsi, duran"
LDC.T09.1910-07-04.E001.P008,ldc_t09_1910_07_04_e001_p008,0,149,4,PRESERVED_INSIDE_RUN,"""Si J'ai alors crié «Sitio !» («J'ai soif !»), il s'agissait de la soif extrême que Je ressentais que tous exhalent leur dernier souffle dan"
LDC.T09.1910-07-04.E001.P009,ldc_t09_1910_07_04_e001_p009,0,101,1,PRESERVED_INSIDE_RUN,"""En voyant que plusieurs allaient passer outre à ce désir, dans un profond chagrin, J'ai crié «Sitio !"""
LDC.T09.1910-07-04.E001.P010,ldc_t09_1910_07_04_e001_p010,0,110,2,PRESERVED_INSIDE_RUN,'Ce «Sitio !» continue encore à se faire entendre à tous et à chacun comme une cloche à la porte de leur cœur :'
LDC.T09.1910-07-04.E001.P011,ldc_t09_1910_07_04_e001_p011,1,307,1,PRESERVED_INSIDE_RUN,"'J\'ai soif de toi, ô âme. De grâce, ne sors jamais de Moi, mais entre en Moi et expire avec Moi."" Ainsi, J\'ai dédié six heures de Ma Passi"
LDC.T11.1912-08-20.E001.P001,ldc_t11_1912_08_20_e001_p001,64,404,1,PRESERVED_INSIDE_RUN,"'Ma fille, comme Je suis attristé quand Je vois une âme repliée sur elle-même et agissant par ses propres moyens. Je suis près d\'elle et la"
LDC.T11.1912-07-19.E001.P002,ldc_t11_1912_07_19_e001_p002,1,276,1,PRESERVED_INSIDE_RUN,"'Ma fille M\'envoie son rafraîchissement aussi à travers d\'autres. Parce que si elle n\'avait pas été attentive à M\'écouter, elle n\'aurai"
LDC.T11.1912-07-23.E001.P002,ldc_t11_1912_07_23_e001_p002,164,398,1,PRESERVED_INSIDE_RUN,"'Ma fille, ne t\'afflige pas pour quelque chose qui n\'en vaut pas la peine. Quant à Moi, plutôt que de M\'affliger pour ce qui t\'arrive, J"
LDC.T11.1912-08-20.E001.P002,ldc_t11_1912_08_20_e001_p002,0,360,1,PRESERVED_INSIDE_RUN,"'Par exemple : Je veux aimer, viens aimer avec Moi ; Je veux prier, viens prier avec Moi ; Je veux faire ce sacrifice, donne-Moi ta Force, c"
LDC.T11.1915-10-25.E001.P002,ldc_t11_1915_10_25_e001_p002,0,216,2,PRESERVED_INSIDE_RUN,"'Ma satisfaction est si grande que Je suis porté à répéter sans cesse : ""Ma Vie, Ma Vie !"" Quand Je pense à ce que Ma chère Maman souffrit, "
LDC.T11.1915-10-25.E001.P003,ldc_t11_1915_10_25_e001_p003,0,169,1,PRESERVED_INSIDE_RUN,"'Et quand Je vois que tu essaies de l\'imiter, Me suppliant de te laisser souffrir ce que les créatures Me font souffrir, Je suis porté à ré"
LDC.T11.1912-04-23.E001.P005,ldc_t11_1912_04_23_e001_p005,0,69,2,PRESERVED_INSIDE_RUN,"'Tu ne pourrais compter ces ""Je t\'aime"". Tu serais noyée dans l\'Amour.'"
LDC.T11.1912-12-20.E001.P005,ldc_t11_1912_12_20_e001_p005,0,115,1,PRESERVED_INSIDE_RUN,"'À l\'âme qui vit dans Ma Volonté, Je peux dire : ""Les lois ne sont pas pour toi, il n\'y a pas de jugement pour toi.""'"
LDC.T11.1912-04-23.E001.P006,ldc_t11_1912_04_23_e001_p006,0,366,12,PRESERVED_INSIDE_RUN,"'Je te dis ""Je t\'aime, Je t\'aime, Je t\'aime"" dans la lumière qui remplit tes yeux, ""Je t\'aime"" dans l\'air que tu respires, ""Je t\'aime"""
LDC.T11.1915-11-11.E001.P006,ldc_t11_1915_11_11_e001_p006,0,391,1,PRESERVED_INSIDE_RUN,"'Plus ces âmes partagent Ma Blessure et Ma Vie, plus la Veine s\'agrandit. Elle devient si grande que ces âmes deviennent d\'autres Christ. "
LDC.T11.1912-03-03.E001.P007,ldc_t11_1912_03_03_e001_p007,0,247,1,PRESERVED_INSIDE_RUN,"'Tous les bienheureux sauront que cette âme est le fruit de Ma Volonté, le prodige de Ma Volonté. Et tout le Ciel jouira d\'un nouveau Parad"
LDC.T11.1912-04-23.E001.P007,ldc_t11_1912_04_23_e001_p007,0,177,8,PRESERVED_INSIDE_RUN,"'Je te redis ""Je t\'aime"" à chaque pensée de ton esprit, ""Je t\'aime"" à chaque geste de tes mains, ""Je t\'aime"" à chaque pas de tes pieds, """
LDC.T11.1912-04-23.E001.P009,ldc_t11_1912_04_23_e001_p009,0,36,2,PRESERVED_INSIDE_RUN,"'Un ""Je t\'aime"" n\'attend pas l\'autre.'"
LDC.T11.1914-03-17.E001.P009,ldc_t11_1914_03_17_e001_p009,0,100,4,PRESERVED_INSIDE_RUN,"'Il n\'y a pas de rideau séparateur entre elles et Nous, pas de ""nos"" ou de ""vos"". Tout est en commun.'"
LDC.T11.1912-02-26.E001.P010,ldc_t11_1912_02_26_e001_p010,0,374,1,PRESERVED_INSIDE_RUN,"'C\'est pour ton propre bien, ne Me vole pas ce qui est à Moi. La respiration est Mienne, ne respire que pour Moi. Le battement de cœur est "
LDC.T11.1912-04-23.E001.P010,ldc_t11_1912_04_23_e001_p010,0,56,2,PRESERVED_INSIDE_RUN,"'Et tes ""Je t\'aime"" à toi, combien y en a-t-il pour Moi ?'"
LDC.T11.1913-08-20.E001.P012,ldc_t11_1913_08_20_e001_p012,0,75,1,PRESERVED_INSIDE_RUN,"'À celui qui vit dans Ma Volonté, Je dis : ""Tu es Ma Vie, Mon Sang, Mes Os.""'"
LDC.T11.1915-08-24.E001.P012,ldc_t11_1915_08_24_e001_p012,0,145,2,PRESERVED_INSIDE_RUN,"'Comment les Paroles ""Faisons l\'homme à notre Image et à notre Ressemblance"" que J\'ai prononcées en créant l\'homme peuvent-elles être exp"
LDC.T11.1914-11-20.E001.P017,ldc_t11_1914_11_20_e001_p017,0,158,1,PRESERVED_INSIDE_RUN,"'Ton cœur sera rempli de Mes Souffrances. Il imprimera la marque de Ma Passion sur tout ton être. Et Je te répéterai sans cesse : ""Voici Ma "
LDC.T12.1920-05-01.E001.P002,ldc_t12_1920_05_01_e001_p002,31,252,3,PRESERVED_INSIDE_RUN,"'Ma fille, pour l\'âme qui vit dans Ma Volonté, la sainteté n\'a qu\'un seul but : un continuel ""Gloire au Père"" suivi de ""Comme il était au"
LDC.T12.1921-03-02.E001.P002,ldc_t12_1921_03_02_e001_p002,1,218,2,PRESERVED_INSIDE_RUN,"'Ma fille, le troisième Fiat, le ""que Ta Volonté soit faite sur la terre comme au Ciel"", sera comme l\'arc-en-ciel apparu dans le ciel après"
LDC.T12.1918-07-12.E001.P003,ldc_t12_1918_07_12_e001_p003,0,251,2,PRESERVED_INSIDE_RUN,"'Cette âme a fait les ""Heures de Ma Passion"". Et Je la recevrai comme une fille de Ma Passion, revêtue de Mon Sang et ornée de Mes Plaies. C"
LDC.T12.1919-02-24.E001.P003,ldc_t12_1919_02_24_e001_p003,0,325,2,PRESERVED_INSIDE_RUN,"'Dans l\'excès de son Amour, Il se plaça Lui-même au centre de l\'homme. Cependant, Il voulait y trouver une habitation digne de Lui. Que fi"
LDC.T12.1919-03-06.E001.P003,ldc_t12_1919_03_06_e001_p003,0,185,2,PRESERVED_INSIDE_RUN,"'Ce qui peut te paraître difficile est facile pour Moi. Néanmoins, il Me faut le ""oui"" de la créature et il faut qu\'elle se prête comme une"
LDC.T12.1920-01-24.E001.P003,ldc_t12_1920_01_24_e001_p003,0,188,1,PRESERVED_INSIDE_RUN,"'Quand J\'ai créé l\'homme, J\'ai dit : ""Il n\'est pas bon que l\'homme soit seul, créons une autre créature semblable à lui pour lui tenir "
LDC.T12.1920-05-01.E001.P003,ldc_t12_1920_05_01_e001_p003,0,230,3,PRESERVED_INSIDE_RUN,"'Il n\'y a rien par lequel cette âme ne rende pas Gloire à Dieu. Sa Sainteté n\'est pas sujette à des reculs, mais Elle règne toujours. Son "
LDC.T12.1920-12-22.E001.P003,ldc_t12_1920_12_22_e001_p003,1,80,2,PRESERVED_INSIDE_RUN,"'Ma fille, les simples mots "" Volonté Divine "" désignent la Puissance Créatrice.'"
LDC.T12.1921-01-10.E001.P003,ldc_t12_1921_01_10_e001_p003,0,73,2,PRESERVED_INSIDE_RUN,"'- de prononcer ton ""Fiat"" dans Ma Volonté. Et c\'est ainsi que tu as fait.'"
LDC.T12.1918-01-31.E001.P004,ldc_t12_1918_01_31_e001_p004,0,134,3,PRESERVED_INSIDE_RUN,"'Fonds-les de telle manière que tu puisses dire : ""ce qui est à Jésus est à Moi"" et que Je puisse dire : ""ce qui est à Luisa est à Moi.'"
LDC.T12.1920-01-24.E001.P004,ldc_t12_1920_01_24_e001_p004,0,284,1,PRESERVED_INSIDE_RUN,"'Avant de créer l\'homme, Je Me suis dit à Moi-même des paroles semblables : ""Je ne veux pas être seul. Je veux des créatures pour Me tenir "
LDC.T12.1921-02-22.E001.P004,ldc_t12_1921_02_22_e001_p004,0,199,6,PRESERVED_INSIDE_RUN,"'Après avoir dit ""Fiat Lux"" (""que la lumière soit"") et que la lumière se fut manifestée, et après avoir dit ""Fiat"" à toutes les autres chose"
LDC.T12.1917-08-06.E001.P005,ldc_t12_1917_08_06_e001_p005,0,215,1,PRESERVED_INSIDE_RUN,"'Jaloux de la sainteté de cette âme, Dieu la garde dans les profondeurs de son Cœur. Il lui dit : ""Personne ne te touchera, excepté Moi. Par"
LDC.T12.1918-08-07.E001.P005,ldc_t12_1918_08_07_e001_p005,0,171,1,PRESERVED_INSIDE_RUN,"'Je leur dis : ""Voyez combien Je vous aime. Mon immolation sur la Croix ne suffit pas à Mon Amour. Je veux aussi Me consumer d\'Amour pour v"
LDC.T12.1918-11-07.E001.P005,ldc_t12_1918_11_07_e001_p005,0,280,2,PRESERVED_INSIDE_RUN,"'Et quand elle veut quelque chose, Je lui dis : ""Tu as toujours fait Ma Volonté, c\'est juste que Je fasse parfois la tienne."" Par le fait q"
LDC.T12.1919-02-10.E001.P005,ldc_t12_1919_02_10_e001_p005,0,115,2,PRESERVED_INSIDE_RUN,"'Ma fille, c\'est Ma coutume de demander le ""oui"" de la créature pour pouvoir ensuite travailler librement avec elle.'"
LDC.T12.1921-01-24.E001.P005,ldc_t12_1921_01_24_e001_p005,0,273,1,PRESERVED_INSIDE_RUN,"'Et cette fois encore, une créature doit y participer. Et c\'est toi que J\'ai choisie. Ce troisième Fiat doit mener à leur achèvement les F"
LDC.T12.1921-02-08.E001.P005,ldc_t12_1921_02_08_e001_p005,13,364,2,PRESERVED_INSIDE_RUN,"'Ah ! Ma fille, les créatures se précipitent toujours plus dans le mal. Que de machinations elles ruminent et de ruines elles préparent ! El"
LDC.T12.1921-03-02.E001.P005,ldc_t12_1921_03_02_e001_p005,0,68,2,PRESERVED_INSIDE_RUN,"'Mon ""que Ta Volonté soit faite"" trouvera son achèvement en ces âmes.'"
LDC.T12.1917-03-06.E001.P006,ldc_t12_1917_03_06_e001_p006,0,219,2,PRESERVED_INSIDE_RUN,"'Quand les gens lisent les ""applications"" des Heures de Ma Passion, Je remplis ton âme jusqu\'à déborder et Je te parle de choses intimes do"
LDC.T12.1917-03-28.E001.P006,ldc_t12_1917_03_28_e001_p006,66,126,1,PRESERVED_INSIDE_RUN,"'Je ne peux pas te dire une plus belle parole que ""Je T\'aime.'"
LDC.T12.1918-05-23.E001.P006,ldc_t12_1918_05_23_e001_p006,0,205,2,PRESERVED_INSIDE_RUN,"'Sur tes ailes, apporte Mes ""Je T\'aime"" à d\'autres coeurs pour Me faire aimer. Viens ensuite dans Mon Cœur pour te reposer afin que, par l"
LDC.T12.1919-02-24.E001.P006,ldc_t12_1919_02_24_e001_p006,0,207,1,PRESERVED_INSIDE_RUN,"'Jaloux de ce prodige qu\'Il venait de créer, Il se fit son gardien. Il en prit possession en lui disant : ""J\'ai tout créé pour toi. Je te "
LDC.T12.1921-02-22.E001.P006,ldc_t12_1921_02_22_e001_p006,1,186,1,PRESERVED_INSIDE_RUN,"'Comme elle est belle cette Œuvre sortie de Moi. Je veux Me reposer en elle !"" Je fais de même avec les âmes : après leur avoir parlé, Je Me"
LDC.T12.1917-03-06.E001.P007,ldc_t12_1917_03_06_e001_p007,0,110,2,PRESERVED_INSIDE_RUN,"'Ces ""applications"" sont le miroir de Ma vie intérieure. Celui qui se modèle sur elles reproduit Ma Vie en lui.'"
LDC.T12.1917-03-18.E001.P007,ldc_t12_1917_03_18_e001_p007,0,256,1,PRESERVED_INSIDE_RUN,"'Je dis au Père : ""Mon Père, ce n\'est pas seulement Moi qui Te prie, fais réparation et T\'apaise, mais il y a des créatures qui font avec "
LDC.T12.1917-03-28.E001.P007,ldc_t12_1917_03_28_e001_p007,0,265,2,PRESERVED_INSIDE_RUN,"'Venant de Moi, ce ""Je T\'aime"" remplit le Ciel et la terre. Il circule chez les saints qui en reçoivent une gloire nouvelle. Il descend dan"
LDC.T12.1917-05-12.E001.P007,ldc_t12_1917_05_12_e001_p007,0,291,1,PRESERVED_INSIDE_RUN,"'Avec beaucoup plus de raisons encore, Je dirais à celui qui douterait de Mon Amour et craindrait d\'être damné : ""Qu\'est-ce à dire ? Je te"
LDC.T12.1917-10-04.E001.P007,ldc_t12_1917_10_04_e001_p007,0,191,2,PRESERVED_INSIDE_RUN,"'Ne te souviens-Tu pas que Je T\'ai dit : ""Laisse-Moi faire cela. Autrement, l\'homme atteindra un tel point dans le mal qu\'il épuisera le "
LDC.T12.1918-07-16.E001.P007,ldc_t12_1918_07_16_e001_p007,0,181,1,PRESERVED_INSIDE_RUN,"'Elles ne sont pas comme le soleil qui pourrait dire s\'il pouvait parler : ""Si Je le veux, Je peux m\'approprier toute chose, ce qui n\'emp"
LDC.T12.1918-10-16.E001.P007,ldc_t12_1918_10_16_e001_p007,1,195,1,PRESERVED_INSIDE_RUN,"""Calme-Toi, calme-Toi. C'est Moi, écoute-Moi. Te souviens-Tu que, dans les mois passés, quand tu pleurais avec Moi sur la pauvre Italie, Je "
LDC.T12.1918-12-04.E001.P007,ldc_t12_1918_12_04_e001_p007,0,161,1,PRESERVED_INSIDE_RUN,"'Quand Je te vois à Ma recherche à travers les tabernacles des églises, Je te dis : ""N\'es-Tu pas Ma vraie prison d\'Amour ? Cherche-Moi dan"
LDC.T12.1920-12-22.E001.P007,ldc_t12_1920_12_22_e001_p007,87,316,1,PRESERVED_INSIDE_RUN,"'Nous nous présentons devant la Majesté Suprême avec écrit sur nos fronts en caractères indélébiles : ""Nous voulons la mort pour donner la v"
LDC.T12.1921-02-22.E001.P007,ldc_t12_1921_02_22_e001_p007,19,42,2,PRESERVED_INSIDE_RUN,"'Disons ""Fiat"" ensemble.'"
LDC.T12.1921-03-02.E001.P007,ldc_t12_1921_03_02_e001_p007,0,101,1,PRESERVED_INSIDE_RUN,"'le troisième Fiat fera descendre Ma Volonté dans les âmes où Elle régnera ""sur la terre comme au Ciel'"
LDC.T12.1917-03-28.E001.P008,ldc_t12_1917_03_28_e001_p008,0,252,2,PRESERVED_INSIDE_RUN,'Il pénètre dans le purgatoire et répand sur les âmes qui s\'y trouvent une rosée bénéfique et rafraîchissante. Même les éléments se sentent
LDC.T12.1917-12-30.E001.P008,ldc_t12_1917_12_30_e001_p008,0,133,1,PRESERVED_INSIDE_RUN,"'Ah ! Ma fille, J\'ai tout donné aux créatures en leur disant : ""Prenez tout ce que vous voulez, mais laissez-Moi seulement votre cœur.'"
LDC.T12.1919-01-04.E001.P008,ldc_t12_1919_01_04_e001_p008,129,267,1,PRESERVED_INSIDE_RUN,"'Ma Volonté coula aussi dans toutes les créatures. Et ta souffrance a touché tous les coeurs en disant à chacun : ""Sois sauvé, sois sauvé !'"
LDC.T12.1917-03-28.E001.P009,ldc_t12_1917_03_28_e001_p009,1,149,2,PRESERVED_INSIDE_RUN,"'Sais-Tu quand l\'âme attire vers elle un ""Je T\'aime"" de Ma part ? Quand, se fondant en Moi, elle prend l\'attitude divine et fait tout ce "
LDC.T12.1918-03-16.E001.P010,ldc_t12_1918_03_16_e001_p010,0,202,2,PRESERVED_INSIDE_RUN,"'Je T\'ai fait grandir dans Ma Volonté et tu es une partie de Moi-même. Je te garderai et dirai à chacun : ""Personne d\'autre que Moi n\'y t"
LDC.T12.1920-01-09.E001.P010,ldc_t12_1920_01_09_e001_p010,0,150,1,PRESERVED_INSIDE_RUN,"'En plus de sa lumière, le soleil prodigue sa chaleur. Impatient de recevoir l\'amour des créatures, Je leur dis par cette chaleur un intens"
LDC.T12.1919-02-20.E001.P011,ldc_t12_1919_02_20_e001_p011,0,121,1,PRESERVED_INSIDE_RUN,"'Avec son oeil lumineux et chercheur, le soleil semble dire à tous : ""Je suis le prêcheur le plus parfait de l\'Être Divin.'"
LDC.T12.1917-12-06.E001.P012,ldc_t12_1917_12_06_e001_p012,0,245,1,PRESERVED_INSIDE_RUN,"'Il aurait pu Me dire : ""Tu n\'as pas tout fait pour chaque créature, Ton travail n\'est pas complet. Je ne peux reconnaître toutes les créa"
LDC.T12.1919-05-22.E001.P012,ldc_t12_1919_05_22_e001_p012,0,126,2,PRESERVED_INSIDE_RUN,"'À la suite de cette prière, Je ressentirai en toi l\'adoration, les ""Je T\'aime"", les baisers, etc. de toute la famille humaine.'"
LDC.T12.1920-01-09.E001.P012,ldc_t12_1920_01_09_e001_p012,0,205,1,PRESERVED_INSIDE_RUN,"'Le firmament déployé au-dessus de vos têtes vous rappelle continuellement Mon Amour. Chacun des clignotements d\'étoiles qui, pendant la nu"
LDC.T12.1917-11-27.E001.P013,ldc_t12_1917_11_27_e001_p013,0,134,2,PRESERVED_INSIDE_RUN,"'Alors, la terre Me donnera une vraie gloire et Mon ""Fiat Voluntas tua"" sur la terre comme au Ciel connaîtra son total accomplissement.'"
LDC.T12.1919-01-08.E001.P013,ldc_t12_1919_01_08_e001_p013,0,289,2,PRESERVED_INSIDE_RUN,"'Et si tu cries très fort ""Je T\'aime !"", J\'entendrai dans ce cri la musique de Mon Amour éternel et Je sentirai l\'amour créé caché dans l"
LDC.T12.1919-12-06.E001.P013,ldc_t12_1919_12_06_e001_p013,0,167,1,PRESERVED_INSIDE_RUN,"'Présent dans le ciel de son âme, Je lui dis : ""Mon fils, plus tu deviens beau, plus tu Me fais plaisir. J\'aime tant ta beauté que Je te pr"
LDC.T12.1919-02-10.E001.P014,ldc_t12_1919_02_10_e001_p014,1,157,2,PRESERVED_INSIDE_RUN,"'Je veux maintenant te parer et te vêtir comme Moi-même, afin que ton ""oui"" se joigne au Mien, pour accomplir Ma propre fonction devant la M"
LDC.T12.1921-01-17.E001.P014,ldc_t12_1921_01_17_e001_p014,0,236,4,PRESERVED_INSIDE_RUN,"'Le ""Fiat Voluntas tua sicut in Coelo et in terra"" -""que Ta Volonté soit faite sur la terre comme au Ciel""-, que J\'ai enseigné et qui est r"
LDC.T12.1919-06-04.E001.P015,ldc_t12_1919_06_04_e001_p015,0,271,2,PRESERVED_INSIDE_RUN,"'Ainsi, J\'ai déployé un Ciel dans les profondeurs de ton âme. Et le ""fiat"" du bien produit par toi, car tout bien est un fruit de Ma Volont"
LDC.T12.1921-03-17.E001.P015,ldc_t12_1921_03_17_e001_p015,0,153,2,PRESERVED_INSIDE_RUN,"'Après T\'avoir bien instruite, Je T\'ai manifesté ta mission et comment l\'accomplissement du ""Fiat Voluntas Tua"" sur la terre aura son com"
LDC.T12.1917-12-30.E001.P016,ldc_t12_1917_12_30_e001_p016,0,118,1,PRESERVED_INSIDE_RUN,"'Je leur dis avec Mon Cœur chagriné : ""Voleurs, partez, quittez Mon sanctuaire parce que Je ne peux plus vous tolérer !'"
LDC.T12.1921-01-17.E001.P016,ldc_t12_1921_01_17_e001_p016,0,199,1,PRESERVED_INSIDE_RUN,"'Je veux voir dans une âme Mon propre Fiat qui s\'élève jusqu\'à Mon Trône et qui, par Ma Puissance créatrice, apporte à la terre la réalisa"
LDC.T12.1917-10-04.E001.P017,ldc_t12_1917_10_04_e001_p017,0,138,1,PRESERVED_INSIDE_RUN,"'Pendant que Je souffrais, Je disais : ""Ma souffrance, cours, va à la recherche de l\'homme ! Aide-le et sois sa force dans ses souffrances."
LDC.T12.1920-03-19.E001.P017,ldc_t12_1920_03_19_e001_p017,0,97,2,PRESERVED_INSIDE_RUN,"'Eh bien ! sache que ce ""oui"" prononcé par toi existe et existera toujours, tout comme Ma Volonté.'"
LDC.T12.1920-11-28.E001.P017,ldc_t12_1920_11_28_e001_p017,0,234,1,PRESERVED_INSIDE_RUN,"'À travers toute chose, ils entendraient Ma Parole créatrice leur dire : ""Je vous bénis au nom du Père, de Moi-même et du Saint-Esprit. Je v"
LDC.T12.1917-10-04.E001.P018,ldc_t12_1917_10_04_e001_p018,0,102,1,PRESERVED_INSIDE_RUN,"'Pendant que Je répandais Mon Sang, Je disais à chaque goutte : ""Cours, cours, sauve l\'homme pour Moi !'"
LDC.T12.1918-08-12.E001.P018,ldc_t12_1918_08_12_e001_p018,0,105,1,PRESERVED_INSIDE_RUN,"'Je suis heureux de cela et Je Me dis en Moi-même : ""C\'est le pain de Ma fille que Je donne à Mes enfants.'"
LDC.T12.1920-03-19.E001.P018,ldc_t12_1920_03_19_e001_p018,0,90,2,PRESERVED_INSIDE_RUN,"'Avec ce ""oui"", ta vie personnelle a pris fin. Ta volonté ne doit plus vivre par elle-même.'"
LDC.T12.1917-12-30.E001.P019,ldc_t12_1917_12_30_e001_p019,0,143,2,PRESERVED_INSIDE_RUN,"'Alors, il dira : ""Je suis aveugle et Je ne sais plus quoi faire !"" L\'épée dévastatrice continuera son travail jusqu\'à ce que tout soit pu"
LDC.T12.1919-03-14.E001.P019,ldc_t12_1919_03_14_e001_p019,0,257,2,PRESERVED_INSIDE_RUN,"'Nous nous présenterons ensemble devant le Trône de l\'Éternel avec, sur nos fronts, écrit en caractères indélébiles : -""Nous voulons mourir"
LDC.T12.1917-10-04.E001.P020,ldc_t12_1917_10_04_e001_p020,0,233,1,PRESERVED_INSIDE_RUN,"'Pendant la flagellation, alors que se formaient les Plaies de Mon corps, Je répétais : ""Mes Plaies, ne restez pas avec Moi, mais cherchez l"
LDC.T12.1920-03-19.E001.P022,ldc_t12_1920_03_19_e001_p022,0,111,1,PRESERVED_INSIDE_RUN,"'Et si tu ne M\'écoutais pas, Je te dirais tout affligé : ""Si tu ne veux pas Me suivre, Je ferai les choses seul.'"
LDC.T12.1921-01-17.E001.P023,ldc_t12_1921_01_17_e001_p023,0,267,1,PRESERVED_INSIDE_RUN,"'Il appelle le petit, l\'incapable, et lui confie le gros montant, en se disant : ""Si Je confie le magot au géant, tous le remarqueront et l"
LDC.T13.E0004.P007,LDC.T13.E0004.P007,0,139,2,PRESERVED_INSIDE_RUN,"'Cependant, quiconque vit dans Ma Volonté, quiconque vit le ""que Ta Volonté soit faite"" est immergé dans les Mers immenses de la Rédemption."
LDC.T13.E0027.P018,LDC.T13.E0027.P018,0,198,2,PRESERVED_INSIDE_RUN,"""J'ai dit «Fiat» et les choses de la Création ont trouvé l'existence. Par ce Fiat, J'ai accordé aux créatures le langage pour qu'elles puiss"
LDC.T13.E0010A.P019,LDC.T13.E0010A.P019,0,143,2,PRESERVED_INSIDE_RUN,"'- les Supplications de leur ""mère"" (c\'est-à-dire l\'âme d\'où ils proviennent), laquelle veut leur salut et souhaite que leur vie soit mai"
LDC.T13.E0003.P021,LDC.T13.E0003.P021,0,157,2,PRESERVED_INSIDE_RUN,"'Je leur ai uniquement enseigné comment prier le ""que Ta Volonté soit faite sur la terre comme au Ciel"", afin qu\'elles soient disposées à c"
LDC.T13.E0004.P023,LDC.T13.E0004.P023,0,176,2,PRESERVED_INSIDE_RUN,"""Au contraire, par Mon troisième Fiat, la créature plonge sa vie dans Ma Volonté et Je deviens le centre de sa vie. C'est pourquoi, Je te le"
LDC.T13.E0050.P024,LDC.T13.E0050.P024,1,319,1,PRESERVED_INSIDE_RUN,"'Travaille avec Moi dans Ma Volonté. Ce qui est à Moi est à toi. Si tu as quelque chose qui t\'appartienne, laisse-le. Parce que dans la Sai"
LDC.T13.E0026.P028,LDC.T13.E0026.P028,0,194,1,PRESERVED_INSIDE_RUN,'Oh ! Comme la noirceur lourde que Je subissais Me fit sentir toute la noirceur que le péché a produit chez l\'homme ! Oh ! Comme J\'ai pleu
LDC.T13.E0034.P035,LDC.T13.E0034.P035,0,61,1,PRESERVED_INSIDE_RUN,"'Puis, avec une Joie sans fin, Je dis : ""Contemple Mes Images.'"
LDC.T13.E0027.P039,LDC.T13.E0027.P039,0,150,1,PRESERVED_INSIDE_RUN,"'Je te suivrai comme une ombre et Je ne te quitterai jamais."" En donnant Vie à la créature, Mon seul objectif était qu\'elle réalise Ma Volo"
LDC.T14.E0032.P004,LDC.T14.E0032.P004,1,111,1,PRESERVED_INSIDE_RUN,"'Mon Royaume n\'est pas de ce monde. S\'il était de ce monde, des légions d\'anges Me défendraient."" Par ces mots,'"
LDC.T14.E0020.P007,LDC.T14.E0020.P007,0,312,4,PRESERVED_INSIDE_RUN,'Il avait laissé des avenues ouvertes entre lui-même et la volonté humaine afin que cette dernière puisse s\'enrichir à même les trésors de 
LDC.T14.E0032.P009,LDC.T14.E0032.P009,1,214,1,PRESERVED_INSIDE_RUN,"'Oui, Je suis Roi. Et Je suis venu en ce monde pour révéler la Vérité."" Par ces mots, J\'ai voulu ouvrir une voie dans son esprit afin qu\'i"
LDC.T14.E0038.P010,LDC.T14.E0038.P010,0,562,2,PRESERVED_INSIDE_RUN,"""Pourtant, les hommes le voient et jouissent de ses effets. Sa chaleur et sa lumière les suivent partout. Et si quelqu'un essayait de s'élev"
LDC.T14.E0032.P016,LDC.T14.E0032.P016,0,220,1,PRESERVED_INSIDE_RUN,"'Elle rend honteux ses ennemis. Elle les fait tomber à ses pieds."" Pilate M\'a interrogé avec sincérité et Je lui ai répondu immédiatement. "
LDC.T14.E0039.P016,LDC.T14.E0039.P016,0,78,3,PRESERVED_INSIDE_RUN,"'L\'homme ingrat Me laisse seul, ne M\'offrant jamais un ""merci"" ou un ""Je t\'aime'"
LDC.T14.E0042.P019,LDC.T14.E0042.P019,1,50,1,PRESERVED_INSIDE_RUN,"""à l'image et à la ressemblance» de leur Créateur."""
LDC.T14.E0008.P020,LDC.T14.E0008.P020,0,126,2,PRESERVED_INSIDE_RUN,"""C'est pourquoi l'Église s'exclame : «Heureuse faute !» À la suite du péché, la Rédemption est venue, par laquelle Mon Humanité"""
LDC.T14.E0042.P020,LDC.T14.E0042.P020,1,663,1,PRESERVED_INSIDE_RUN,"""Ce sera le commencement de Mon Règne sur la terre comme au Ciel». Crois-tu que c'est une petite chose que de vivre dans ma Volonté ? Cela n"
LDC.T14.E0066.P024,LDC.T14.E0066.P024,0,432,2,PRESERVED_INSIDE_RUN,'Le temps est venu et Je cherche une âme prête à recevoir la première naissance afin qu\'après Je puisse continuer à livrer Ma Volonté à d\'
LDC.T14.E0019.P033,LDC.T14.E0019.P033,1,196,1,PRESERVED_INSIDE_RUN,"'Je t\'ai donné le soleil, les étoiles, les fleurs, l\'eau et le feu pour t\'exprimer Mon amour."" Reconnaissant cela, tu les acceptes. Metta"
LDC.T15.E0004.P003,LDC.T15.E0004.P003,0,339,2,PRESERVED_INSIDE_RUN,"'Quoiqu\'il soit juste de dire que le Verbe a été conçu, le Père Céleste et le Saint-Esprit demeurent inséparables de Moi. Bien que J\'aie é"
LDC.T15.E0015.P003,LDC.T15.E0015.P003,1,103,1,PRESERVED_INSIDE_RUN,"'Ma fille, Ma fille, ne crains pas. Rien n\'est fini entre toi et Moi. Ton Jésus est toujours ""Ton Jésus'"
LDC.T15.E0004.P010,LDC.T15.E0004.P010,0,171,2,PRESERVED_INSIDE_RUN,"'En vivant toujours dans Ma Volonté, Ma chère Mère prépara dans son sein virginal le minuscule ""Terrain Divin"" où Moi, le Verbe Éternel, Je "
LDC.T15.E0001.P013,LDC.T15.E0001.P013,0,112,2,PRESERVED_INSIDE_RUN,"'Uniquement par Ma Volonté, on pourra dire : ""Tout est accompli."" Voilà pourquoi Je désire tant que soient connus'"
LDC.T15.E0022.P013,LDC.T15.E0022.P013,0,174,4,PRESERVED_INSIDE_RUN,"'Quand Mon ""Fiat Voluntas tua"" (""que ta Volonté soit faite"") connaîtra son accomplissement sur la terre comme au Ciel, alors se réalisera co"
LDC.T15.E0022.P015,LDC.T15.E0022.P015,0,77,1,PRESERVED_INSIDE_RUN,"'Au nom de tous J\'ai dit : ""Notre Père, Je te prie pour trois genres de pains.'"
LDC.T15.E0037.P021,LDC.T15.E0037.P021,0,212,2,PRESERVED_INSIDE_RUN,"'En ce qui concerne Mes ministres, ils doivent recevoir ces choses de toi, afin que le ""Fiat Voluntas tua"" sur la terre comme au Ciel soit r"
LDC.T15.E0022.P026,LDC.T15.E0022.P026,1,60,1,PRESERVED_INSIDE_RUN,"'Donne-nous notre pain matériel de ce jour"" puisque l\'homme,'"
LDC.T15.E0016.P028,LDC.T15.E0016.P028,0,262,2,PRESERVED_INSIDE_RUN,"'Je pourrais leur dire : "" Je n\'ai rien à vous donner. Quelle volonté vous animait dans vos actes et vos souffrances ? Cherchez là votre ré"
LDC.T15.E0022.P036,LDC.T15.E0022.P036,1,172,1,PRESERVED_INSIDE_RUN,"'Pardonne-nous nos offenses comme nous pardonnons à ceux qui nous ont offensés."" Quand ta Volonté sera accomplie sur la terre comme au Ciel,"
LDC.T15.E0037.P038,LDC.T15.E0037.P038,0,84,2,PRESERVED_INSIDE_RUN,"'Par trois fois, la Divinité a agi ""ad extra"" : La première fois, lors de la Création'"
LDC.T15.E0036.P039,LDC.T15.E0036.P039,0,118,2,PRESERVED_INSIDE_RUN,"'J\'ai voulu lui donner une autre leçon sublime en disant : ""Oui, Je suis roi."" Par cette réponse, J\'ai voulu lui dire :'"
LDC.T15.E0022.P042,LDC.T15.E0022.P042,0,138,2,PRESERVED_INSIDE_RUN,"'J\'ai continué par les mots ""Ne nous laisse pas succomber à la tentation."" Parce que l\'homme est toujours l\'homme, pourvu du libre arbitr"
LDC.T15.E0022.P045,LDC.T15.E0022.P045,0,102,1,PRESERVED_INSIDE_RUN,"'- en vertu de ce même pain, délivre-nous du mal. Amen."" Observe comment on trouve ici un lien avec le.'"
LDC.T15.E0022.P050,LDC.T15.E0022.P050,0,101,2,PRESERVED_INSIDE_RUN,"'- pourquoi le ""Que ta Volonté soit faite sur la terre comme au Ciel"" est Ma première préoccupation et'"
LDC.T15.E0036.P060,LDC.T15.E0036.P060,0,224,1,PRESERVED_INSIDE_RUN,"'Dans Mon Royaume, il y a une Vie véritable."" Que de profonds mystères se cachent dans Mes Paroles ! Dans ses souffrances, ses humiliations "
LDC.T15.E0022.P064,LDC.T15.E0022.P064,0,88,2,PRESERVED_INSIDE_RUN,"""- le « que ta Volonté soit faite sur la terre comme au Ciel » ne pourra pas s'accomplir."""
LDC.T15.E0037.P067,LDC.T15.E0037.P067,0,181,2,PRESERVED_INSIDE_RUN,"'J\'ai procédé de la même manière avec toi : comme l\'Église entière doit participer au ""Fiat Voluntas Tua"", Je t\'ai confiée à l\'un de Mes"
LDC.T16.E0032.P004,LDC.T16.E0032.P004,1,124,1,PRESERVED_INSIDE_RUN,"'Père, s\'il est possible, que cette coupe passe loin de Moi"" ? Pas du tout. Il s\'agissait de la coupe de la volonté humaine.'"
LDC.T16.E0032.P005,LDC.T16.E0032.P005,0,225,1,PRESERVED_INSIDE_RUN,'Elle présentait à Mes yeux une telle amertume et une telle abondance de vices que c\'est par rapport à elle que Ma Volonté humaine unie à M
LDC.T16.E0024.P012,LDC.T16.E0024.P012,0,182,4,PRESERVED_INSIDE_RUN,"""Cela est un fait, n'est-ce pas ? En prononçant ton « oui », n'as-tu pas juré que tu voulais vivre dans Ma Volonté ? Ah ! Ce « oui » est une"
LDC.T16.E0020.P014,LDC.T16.E0020.P014,0,74,1,PRESERVED_INSIDE_RUN,"""- aucune affection, aucun battement de cœur, pas le plus petit « Je t'aime"""
LDC.T16.E0005.P015,LDC.T16.E0005.P015,0,114,2,PRESERVED_INSIDE_RUN,"""Après, nous ferons une promenade afin que Je te montre Mes « Je t'aime » inscrits pour toi dans toute la création."""
LDC.T16.E0032.P015,LDC.T16.E0032.P015,0,197,2,PRESERVED_INSIDE_RUN,"""J'ai fait cette prière au tout début de Ma Passion. Car le « que Ta Volonté soit faite sur la terre comme au Ciel » était la chose la plus "
LDC.T16.E0041.P016,LDC.T16.E0041.P016,0,49,2,PRESERVED_INSIDE_RUN,"'- te dit en notes claires que Mon ""Je t\'aime"" est'"
LDC.T16.E0005.P019,LDC.T16.E0005.P019,0,83,2,PRESERVED_INSIDE_RUN,"""- comment, sur ses ailes, toute la création apporte Mes « Je t'aime » aux créatures"""
LDC.T16.E0005.P020,LDC.T16.E0005.P020,0,412,7,PRESERVED_INSIDE_RUN,"""- comment, sur ces mêmes ailes, les créatures devraient Me donner la réplique par leurs propres « Je t'aime ». Vois le ciel azuré : il n'y "
LDC.T16.E0005.P021,LDC.T16.E0005.P021,0,191,2,PRESERVED_INSIDE_RUN,"""Pendant que la lumière du soleil couvre la terre et que l'homme regarde cette terre et marche dessus, Mes « Je t'aime » atteignent ses yeux"
LDC.T16.E0021.P021,LDC.T16.E0021.P021,0,196,2,PRESERVED_INSIDE_RUN,"'- correspondant au ""Que ta Volonté soit faite sur la terre comme au Ciel"". Ainsi Je veux concentrer en toi tous les états intérieurs ayant "
LDC.T16.E0005.P022,LDC.T16.E0005.P022,0,68,3,PRESERVED_INSIDE_RUN,"""Les vagues de l'océan murmurent à l'homme « Je t'aime », « Je t'aime"""
LDC.T16.E0024.P022,LDC.T16.E0024.P022,0,129,2,PRESERVED_INSIDE_RUN,"'- le « que ta Volonté soit faite sur la terre comme au Ciel. » Quant à toi, ne veux-tu pas imiter Ma croissance dans Ma Volonté ?'"
LDC.T16.E0032.P022,LDC.T16.E0032.P022,0,61,1,PRESERVED_INSIDE_RUN,'- accomplir le « Fiat Voluntas Tua sur la terre comme au Ciel'
LDC.T16.E0041.P022,LDC.T16.E0041.P022,0,175,2,PRESERVED_INSIDE_RUN,"'Mon amour est stable, il n\'a qu\'un seul son jamais interrompu : ""Je t\'aime"". Tu connais bien la lumière du soleil. Tu reçois sa lumière "
LDC.T16.E0005.P023,LDC.T16.E0005.P023,2,150,3,PRESERVED_INSIDE_RUN,"""Je t'aime ». Toutes les gouttes d'eau sont autant de notes qui, murmurant de concert, forment les plus belles harmonies de Mon « Je t'aime "
LDC.T16.E0005.P024,LDC.T16.E0005.P024,0,176,4,PRESERVED_INSIDE_RUN,"""Les plantes, les feuilles, les fleurs, les fruits ont Mes « Je t'aime » imprimés en eux. Ainsi, la création tout entière apporte à l'homme "
LDC.T16.E0005.P025,LDC.T16.E0005.P025,0,413,12,PRESERVED_INSIDE_RUN,"'Et l\'homme lui-même, combien de Mes « Je t\'aime » ne porte-t-il pas dans tout son être ? Ses pensées sont scellées par Mes « Je t\'aime »"
LDC.T16.E0037.P025,LDC.T16.E0037.P025,237,614,1,PRESERVED_INSIDE_RUN,"'Ma fille, dis-Moi pourquoi tu es si mélancolique. Vois, Je reviens du milieu des créatures avec des larmes dans les yeux, le cœur percé, tr"
LDC.T16.E0005.P026,LDC.T16.E0005.P026,0,325,2,PRESERVED_INSIDE_RUN,"""Cependant, au milieu d'un tel débordement de Mes « Je t'aime », l'homme est incapable de sortir de lui-même pour répondre à Mon Amour. Quel"
LDC.T16.E0037.P026,LDC.T16.E0037.P026,0,231,1,PRESERVED_INSIDE_RUN,"'Je Me reposerai en elle et la réconforterai par Ma Présence."" Mais Je te trouve si mélancolique que Je dois mettre Mes douleurs de côté pou"
LDC.T16.E0041.P026,LDC.T16.E0041.P026,0,48,1,PRESERVED_INSIDE_RUN,"'Toute la lumière du soleil te dit Mon ""Je t\'aime'"
LDC.T16.E0005.P027,LDC.T16.E0005.P027,0,285,2,PRESERVED_INSIDE_RUN,"""Mon amour veut absolument un retour d'amour de la part des créatures. Dans Ma Volonté, tu retrouveras tous Mes « Je t'aime ». Tu imprimeras"
LDC.T16.E0007.P028,LDC.T16.E0007.P028,0,58,1,PRESERVED_INSIDE_RUN,"'- du ""Que ta Volonté soit faite sur la terre comme au Ciel'"
LDC.T16.E0041.P028,LDC.T16.E0041.P028,0,80,1,PRESERVED_INSIDE_RUN,"'Recouvrant toute la terre, elle joue pour toi la petite sonate de Mon ""Je t\'aime'"
LDC.T16.E0055A.P030,LDC.T16.E0055.P062,0,203,2,PRESERVED_INSIDE_RUN,"'- que toutes choses reçoivent sa Vertu et ses Biens, Elle prononça le « Fiat ». En le prononçant, elle communiqua à la Création les prodige"
LDC.T16.E0041.P036,LDC.T16.E0041.P036,0,57,1,PRESERVED_INSIDE_RUN,"'- que toute la lumière du soleil ne te dit pas ""Je t\'aime'"
LDC.T16.E0041.P037,LDC.T16.E0041.P037,0,315,3,PRESERVED_INSIDE_RUN,"'Elle fait même un plus grand étalage d\'amour. Puisque, en couvrant toute la terre, elle dit Mon ""Je t\'aime"" à tous. C\'est la même chose "
LDC.T16.E0032.P038,LDC.T16.E0032.P038,1,260,1,PRESERVED_INSIDE_RUN,"'Que non pas Ma Volonté mais la Tienne soit faite."" Oh oui ! Tu étais avec Moi dans ce premier contrat avec Mon Père Céleste. Parce qu\'au m"
LDC.T16.E0041.P038,LDC.T16.E0041.P038,0,157,2,PRESERVED_INSIDE_RUN,"'Il en va ainsi pour toutes les choses créées qu\'elles te soient connues ou inconnues —, elles ont toutes la marque de Mon ""Je t\'aime"". Ca"
LDC.T16.E0023.P039,LDC.T16.E0023.P039,0,427,2,PRESERVED_INSIDE_RUN,"'- ensuite, pour que « notre Volonté soit faite sur la terre comme au Ciel.» Ah oui ! Ce fut Ma Maman qui, prenant en elle la totalité de no"
LDC.T16.E0022.P043,LDC.T16.E0022.P043,1,93,1,PRESERVED_INSIDE_RUN,"'Que ta Volonté soit faite sur la terre comme au Ciel."" Avec deux petites, Je devais réaliser'"
LDC.T16.E0041.P048,LDC.T16.E0041.P048,0,42,1,PRESERVED_INSIDE_RUN,"'Mais toutes ont un son unique : ""Je t\'aime'"
LDC.T16.E0057.P048,LDC.T16.E0057.P048,0,65,1,PRESERVED_INSIDE_RUN,"'- pour accomplir le ""Fiat Voluntas Tua sur la terre comme au Ciel'"
LDC.T16.E0032.P053,LDC.T16.E0032.P053,2,102,1,PRESERVED_INSIDE_RUN,"""que la Volonté Divine soit faite sur la terre comme elle l'est au Ciel », cela incluant toute chose."""
LDC.T16.E0025.P063,LDC.T16.E0025.P063,0,506,2,PRESERVED_INSIDE_RUN,"'Elle ne pouvait aimer ses enfants plus que cela. En leur donnant cette Nourriture, son Amour a atteint le degré ultime. Par conséquent, par"
LDC.T16.E0007.P067,LDC.T16.E0007.P067,0,78,1,PRESERVED_INSIDE_RUN,"'- profiter des fruits du ""Que ta Volonté soit faite sur la terre comme au Ciel'"
LDC.T16.E0022.P068,LDC.T16.E0022.P068,0,141,1,PRESERVED_INSIDE_RUN,"'Après la première étape que fut la Rédemption, nous allons ouvrir la deuxième, celle du ""Que ta Volonté soit faite sur la terre comme au Ci"
LDC.T16.E0043.P083,LDC.T16.E0043.P083,0,264,1,PRESERVED_INSIDE_RUN,"'Il était Dieu et homme, et puisque la Volonté Divine était sa propre vie, ce n\'est pas surprenant qu\'Il ait vécu dans la Suprême Volonté."
LDC.T16.E0022.P124,LDC.T16.E0022.P124,0,199,2,PRESERVED_INSIDE_RUN,"'- pour pouvoir ainsi vivre selon le dessein que Nous avions en le créant, c\'est-à-dire ""Que la Volonté du Ciel et celle sur la terre ne fa"
LDC.T16.E0022.P126,LDC.T16.E0022.P126,0,64,1,PRESERVED_INSIDE_RUN,"'- celui du ""Que ta Volonté soit faite sur la terre comme au Ciel'"
LDC.T17.E0024.P007,LDC.T17.E0024.P007,0,718,1,PRESERVED_INSIDE_RUN,"""Ma Mère a eu son premier test dès le premier instant de sa conception. Dès son premier acte rationnel, elle connut à la fois sa volonté hum"
LDC.T17.E0020.P009,LDC.T17.E0020.P009,16,95,1,PRESERVED_INSIDE_RUN,"'Ma fille, tu sembles ne pas savoir ce qu\'est ""accomplir Ma Volonté sur la terre'"
LDC.T17.E0052.P012,LDC.T17.E0052.P012,1,74,2,PRESERVED_INSIDE_RUN,"'Que dis-tu ? Tu te demandes ce que ce ""Je t\'aime"" a de spécial pour Moi ?'"
LDC.T17.E0012.P013,LDC.T17.E0012.P013,16,130,2,PRESERVED_INSIDE_RUN,"'Ma fille, souviens-toi que Je t\'ai demandé un ""oui"" dans Ma Volonté et que tu l\'as prononcé avec beaucoup d\'amour.'"
LDC.T17.E0018.P013,LDC.T17.E0018.P013,0,62,1,PRESERVED_INSIDE_RUN,"'Mais Il lui dit : ""Nous allons nous séparer, il est vrai. Mais'"
LDC.T17.E0046.P013,LDC.T17.E0046.P013,0,340,1,PRESERVED_INSIDE_RUN,'Ma Volonté est venue du Sein éternel de l\'Être Suprême pour le bien de l\'homme. Ayant posé un Acte simple pour envelopper l\'homme de man
LDC.T17.E0052.P013,LDC.T17.E0052.P013,0,35,2,PRESERVED_INSIDE_RUN,"'Ma fille, le ""Je t\'aime"" est tout !'"
LDC.T17.E0012.P014,LDC.T17.E0012.P014,0,146,4,PRESERVED_INSIDE_RUN,"'Ce ""oui"" existe toujours et occupe la première place dans Ma Volonté. Tout ce que tu fais, penses et dis est lié à ce ""oui"" auquel rien n\'"
LDC.T17.E0052.P014,LDC.T17.E0052.P014,0,136,2,PRESERVED_INSIDE_RUN,"'Le ""Je t\'aime"" est amour, vénération, estime, héroïsme, sacrifice et confiance envers celui à qui il est destiné ; il est sa possession.'"
LDC.T17.E0046.P015,LDC.T17.E0046.P015,0,159,1,PRESERVED_INSIDE_RUN,"'- de recevoir en retour des actes effectués dans Ma Volonté."" Toutes les choses reçoivent un retour. Sinon, on peut dire qu\'elles sont inu"
LDC.T17.E0052.P015,LDC.T17.E0052.P015,0,75,2,PRESERVED_INSIDE_RUN,"'Le ""Je t\'aime"" est une courte phrase, mais qui pèse autant que l\'éternité !'"
LDC.T17.E0012.P016,LDC.T17.E0012.P016,0,212,2,PRESERVED_INSIDE_RUN,"'Je continue toujours de nourrir ce ""oui"" de Mes grâces et de transformer tous tes actes en Actes divins. C\'est là le plus grand prodige qu"
LDC.T17.E0052.P016,LDC.T17.E0052.P016,0,170,2,PRESERVED_INSIDE_RUN,"'Le ""Je t\'aime"" embrasse tout et tous, il se diffuse partout, se contracte, s\'élève dans les hauteurs, descend dans les profondeurs, s\'im"
LDC.T17.E0012.P017,LDC.T17.E0012.P017,0,172,2,PRESERVED_INSIDE_RUN,"'Et si, que cela n\'arrive jamais, ce ""oui"" était révoqué par toi, Je Me sentirais déchiré et Je pleurerais amèrement. Vois, pendant que tu "
LDC.T17.E0052.P017,LDC.T17.E0052.P017,73,411,10,PRESERVED_INSIDE_RUN,"'Son origine est éternelle. Dans le ""Je t\'aime"", le Père céleste M\'a engendré et, dans le ""Je t\'aime"", le Saint-Esprit a opéré, dans le """
LDC.T17.E0012.P018,LDC.T17.E0012.P018,0,72,2,PRESERVED_INSIDE_RUN,"'- ton ""oui"" tremblait de terreur et les fondations du Ciel frémissaient.'"
LDC.T17.E0052.P018,LDC.T17.E0052.P018,0,195,4,PRESERVED_INSIDE_RUN,"'Le ""Je t\'aime"" a une valeur infinie, il est plein de vie et d\'énergie, il ne se fatigue jamais, il surpasse tout et triomphe de tout. Par"
LDC.T17.E0001.P024,LDC.T17.E0001.P024,0,123,1,PRESERVED_INSIDE_RUN,"'- si, en les disposant autour de toi et en te les montrant du doigt une à une, elle te disait : ""Vois, ce sont tes œuvres !'"
LDC.T17.E0052.P024,LDC.T17.E0052.P024,0,55,2,PRESERVED_INSIDE_RUN,"'La vie de Mon ""Je t\'aime"" sera très très longue en toi.'"
LDC.T17.E0052.P025,LDC.T17.E0052.P025,0,80,2,PRESERVED_INSIDE_RUN,"'Et Mon Fiat qui règne dans ta volonté met sur ton ""Je t\'aime"" le sceau du divin.'"
LDC.T17.E0012.P027,LDC.T17.E0012.P027,1,535,2,PRESERVED_INSIDE_RUN,"'Ma fille, calme-toi. Dès que tu t\'es replacée dans Ma Volonté, tout s\'est apaisé et la fête a repris. Ton ""oui"" continue ses tournées rap"
LDC.T17.E0040.P032,LDC.T17.E0040.P032,1,205,2,PRESERVED_INSIDE_RUN,"'Mon Créateur et Mon Père, Mon Jésus et Mon Amour éternel, regarde : toutes les choses te disent de la part de toutes les créatures qu\'elle"
LDC.T17.E0052.P039,LDC.T17.E0052.P039,0,137,2,PRESERVED_INSIDE_RUN,"'- mes Souffrances qui contiennent la semence du ""Fiat Voluntas Tua"". Tout ce que j\'ai fait contenait cette semence de la Volonté de Dieu.'"
LDC.T17.E0046.P046,LDC.T17.E0046.P046,0,254,2,PRESERVED_INSIDE_RUN,"'En somme, Je suis en train de fabriquer le modèle, c\'est-à-dire la première âme en laquelle J\'accomplis la génération de Ma Volonté. Par "
LDC.T17.E0035.P051,LDC.T17.E0035.P051,1,172,2,PRESERVED_INSIDE_RUN,"'Soyez parfaits comme votre Père céleste est parfait"", rien de moins. On y lit aussi : ""Personne n\'entrera dans le Royaume des Cieux s\'il "
LDC.T17.E0041.P082,LDC.T17.E0041.P082,0,204,2,PRESERVED_INSIDE_RUN,"'La Création est attribuée au Père, la Rédemption au Fils, et la réalisation du ""que ta Volonté soit faite"" au Saint-Esprit. C\'est de Lui d"
LDC.T17.E0040.P099,LDC.T17.E0040.P099,0,251,2,PRESERVED_INSIDE_RUN,"'- en apportant notre Volonté avec toi est une très grande joie pour Nous. C\'est pourquoi Je te dis chaque fois : ""Sois attentive à notre V"
LDC.T18.E0022.P005,LDC.T18.E0022.P005,1,156,4,PRESERVED_INSIDE_RUN,"'Ma fille, comme sont beaux ces ""Je t\'aime"" adressés au Créateur par une personne qui vit dans Ma Volonté ! Par ces ""Je t\'aime"", Je reçois"
LDC.T18.E0022.P008,LDC.T18.E0022.P008,0,329,2,PRESERVED_INSIDE_RUN,"""- tu possèdes toute la Création puisqu'elle est mienne et que Je te la laisse aimer. Tes « Je t'aime » imprimés partout constituent ton sce"
LDC.T18.E0005.P013,LDC.T18.E0005.P013,0,49,2,PRESERVED_INSIDE_RUN,"'- qu\'aucun de tes ""Je t\'aime"" ne soit perdu, mais'"
LDC.T18.E0015.P015,LDC.T18.E0015.P015,0,151,2,PRESERVED_INSIDE_RUN,"'- elle dépose sur chacune un baiser et y estampille un ""Je t\'aime"" à l\'adresse de Celui qui les a créés avec tant d\'Amour et en si grand"
LDC.T18.E0020.P028,LDC.T18.E0020.P028,0,164,2,PRESERVED_INSIDE_RUN,"'- que Ma Rédemption a déjà produits sur la terre, viendra le Fruit ""que ta Volonté soit faite sur la terre comme au Ciel"". Sois donc la pre"
LDC.T18.E0022.P017,LDC.T18.E0022.P017,0,114,2,PRESERVED_INSIDE_RUN,"'Et comme tu aimes toutes les choses et tu fais couler sur chacune tes ""Je t\'aime"", toute la Création te reconnaît.'"
LDC.T18.E0023.P018,LDC.T18.E0023.P018,1,155,1,PRESERVED_INSIDE_RUN,"'que ta Volonté soit faite sur la terre comme au Ciel"". Par conséquent, Ma fille, sois attentive afin de ne pas contrevenir à l\'Œuvre de Ma"
LDC.T18.E0001.P019,LDC.T18.E0001.P019,3,70,1,PRESERVED_INSIDE_RUN,"'le soleil est à Moi"" et jouir de sa lumière autant qu\'il le désire,'"
LDC.T18.E0001.P020,LDC.T18.E0001.P020,0,63,2,PRESERVED_INSIDE_RUN,"'- ou ""l\'eau est à Moi"" et s\'en servir autant qu\'il en a besoin,'"
LDC.T18.E0001.P021,LDC.T18.E0001.P021,0,253,2,PRESERVED_INSIDE_RUN,"'- ou ""la terre, la mer, le feu, l\'air, sont à Moi"", et ainsi de suite ? Si certaines choses peuvent manquer à l\'homme, ou si sa vie est p"
LDC.T18.E0007.P021,LDC.T18.E0007.P021,0,56,2,PRESERVED_INSIDE_RUN,"'- crie pour chaque offense ""peine, pardon"", de sorte que'"
LDC.T18.E0008.P022,LDC.T18.E0008.P022,1,160,1,PRESERVED_INSIDE_RUN,"'Ce qui est à toi est à Moi et ce qui est à Moi est à toi. Gloire, Honneur et Amour à Mon Créateur !"" Par cet Acte simple, la créature fait "
LDC.T18.E0016.P024,LDC.T18.E0016.P024,0,546,1,PRESERVED_INSIDE_RUN,"'Je ne veux en laisser aucune M\'échapper afin de les transformer toutes en larmes d\'Amour, de Peine, de Victoire, de Sanctification, de Di"
LDC.T18.E0008.P025,LDC.T18.E0008.P025,0,351,2,PRESERVED_INSIDE_RUN,"'Elle déborde d\'Amour pour Moi, compatit à Mes Souffrances et fait réparation. À travers cet Acte simple, elle trouve tout, s\'approprie to"
LDC.T18.E0022.P028,LDC.T18.E0022.P028,0,268,2,PRESERVED_INSIDE_RUN,"'- et Mon ardent désir de voir couler partout dans la Création tes ""Je t\'aime"", tes actes d\'adoration et tes actes de réparation à l\'endr"
LDC.T18.E0005.P032,LDC.T18.E0005.P032,0,31,1,PRESERVED_INSIDE_RUN,"'La répétition de tes ""Je t\'aime'"
LDC.T18.E0023.P033,LDC.T18.E0023.P033,1,242,1,PRESERVED_INSIDE_RUN,"'Allons-y, allons-y, c\'est quelqu\'un de notre famille qui nous appelle à remplir des devoirs de famille sur la terre."" Ils sont donc tous "
LDC.T18.E0005A.P036,LDC.T18.E0005A.P036,1,45,1,PRESERVED_INSIDE_RUN,"'Ma fille, fais-le, mets ton petit ""je t\'aime'"
LDC.T18.E0002.P042,LDC.T18.E0002.P042,1,279,1,PRESERVED_INSIDE_RUN,"'D\'où viennent une telle gloire, un tel honneur, une telle grandeur et tant de Prodiges chez cette créature ? C\'est pourtant de l\'exil qu"
LDC.T18.E0002.P043,LDC.T18.E0002.P043,1,356,1,PRESERVED_INSIDE_RUN,"'Saint, saint, saint ! Honneur et gloire à la Volonté de notre souverain Seigneur ! Trois fois sainte est celle qui laisse cette Volonté sup"
LDC.T18.E0010.P053,LDC.T18.E0010.P053,0,402,1,PRESERVED_INSIDE_RUN,"'Alors que Je t\'offre la vie, c\'est vers la mort que tu te diriges."" Vois donc, Ma fille, à quel point nous attendons tes déversements d\'"
LDC.T18.E0010.P056,LDC.T18.E0010.P056,0,254,2,PRESERVED_INSIDE_RUN,"'Ce Sacrement forme Ma Vie en elles. Cette Vie va en croissant par la répétition des communions. Ces âmes peuvent dire : ""Je suis un autre C"
LDC.T19.E0027.P005,LDC.T19.E0027.P005,0,28,1,PRESERVED_INSIDE_RUN,"""Viens mettre ton « Je t'aime"""
LDC.T19.E0017.P008,LDC.T19.E0017.P008,0,151,2,PRESERVED_INSIDE_RUN,"""En acquérant les prérogatives de « vraie fille » de Ma Volonté, aucun trait ni chose étrangère n'appartenant pas à Ma Volonté, ne doit para"
LDC.T19.E0018.P009,LDC.T19.E0018.P009,0,74,1,PRESERVED_INSIDE_RUN,'Aucune volonté humaine ne peut dire en réalité : «Je viens au nom de tous.'
LDC.T19.E0004.P012,LDC.T19.E0004.P012,0,38,1,PRESERVED_INSIDE_RUN,'Mais Je voulus Me servir du mot « Fiat'
LDC.T19.E0052.P012,LDC.T19.E0052.P012,0,84,1,PRESERVED_INSIDE_RUN,"'Alors, pris de pitié pour elle, Je ne cesserai de lui répéter : «Reviens à ta place,'"
LDC.T19.E0015.P013,LDC.T19.E0015.P013,6,175,2,PRESERVED_INSIDE_RUN,"""Ma fille, au moment où tu imprimais ton « Je t'aime » dans Ma Volonté sur toutes les choses créées, la Création entière sentit redoubler en"
LDC.T19.E0027.P014,LDC.T19.E0027.P014,0,98,2,PRESERVED_INSIDE_RUN,"""- voulant d'abord te voir embrasser Mes larmes en imprimant un « Je t'aime » dans chaque larme et,"""
LDC.T19.E0027.P015,LDC.T19.E0027.P015,0,81,2,PRESERVED_INSIDE_RUN,"""- avec la rengaine de ton « Je t'aime », permettre au sommeil de fermer Mes yeux."""
LDC.T19.E0040.P015,LDC.T19.E0040.P015,0,67,2,PRESERVED_INSIDE_RUN,"""C'est ton petit « Je t'aime » imprimé sur toutes les choses créées."""
LDC.T19.E0027.P017,LDC.T19.E0027.P017,0,111,1,PRESERVED_INSIDE_RUN,"""- attends que Je Me réveille afin que, comme tu as fermé Mon sommeil, tu ouvres Mon réveil avec ton « Je t'aime"""
LDC.T19.E0055.P018,LDC.T19.E0055.P018,0,276,1,PRESERVED_INSIDE_RUN,"""Par contre, celui qui ne le désire pas, manquant d'appétit, Il éprouvera de la nausée envers Mes Choses et, comme dit l'Évangile : «Il sera"
LDC.T19.E0027.P020,LDC.T19.E0027.P020,0,53,1,PRESERVED_INSIDE_RUN,"""- Me redonna ta compagnie, tes actes, ton « Je t'aime"""
LDC.T19.E0027.P021,LDC.T19.E0027.P021,0,58,2,PRESERVED_INSIDE_RUN,"""Sais-tu ce que signifie un « Je t'aime » dans Ma Volonté ?"""
LDC.T19.E0027.P022,LDC.T19.E0027.P022,0,55,2,PRESERVED_INSIDE_RUN,"""Ce « Je t'aime » renferme un Bonheur éternel, un Amour."""
LDC.T19.E0005.P024,LDC.T19.E0005.P024,0,93,4,PRESERVED_INSIDE_RUN,"""Donc, étant au courant du « plus », au sujet de Ma Mère, le « moins » n'était pas nécessaire."""
LDC.T19.E0039.P024,LDC.T19.E0039.P024,0,99,2,PRESERVED_INSIDE_RUN,"'Et, voyant que les enfants gardent ce « peu », il augmente, au fur et à mesure, les petites sommes.'"
LDC.T19.E0040.P025,LDC.T19.E0040.P025,0,188,2,PRESERVED_INSIDE_RUN,"'- toute la Création et toutes les œuvres de la Rédemption avec ton « Je t’aime », ton adoration, et ta volonté transfusée dans la Mienne, q"
LDC.T19.E0015.P027,LDC.T19.E0015.P027,2,39,1,PRESERVED_INSIDE_RUN,'Le FIAT sur la terre comme au Ciel» a'
LDC.T19.E0016.P033,LDC.T19.E0016.P033,0,69,1,PRESERVED_INSIDE_RUN,"'Ma Mère est donc la Reine de la Création, pour avoir dépassé «le Tout'"
LDC.T19.E0027.P037,LDC.T19.E0027.P037,0,86,2,PRESERVED_INSIDE_RUN,"""- mets un « Je t'aime » là où Je mis Mes petits genoux pour que ce soit moins pénible."""
LDC.T19.E0013.P039,LDC.T19.E0013.P039,0,70,1,PRESERVED_INSIDE_RUN,"'Par conséquent, ayant trouvé tout et tous, Nous Lui donnâmes « le Tout'"
LDC.T19.E0027.P040,LDC.T19.E0027.P040,0,253,2,PRESERVED_INSIDE_RUN,"""Lorsque Je Me retrouvais tout seul, abandonné de tous, Je Me disais : «Si tout le monde Me quitte, la nouvelle-née de Ma Volonté ne Me lais"
LDC.T19.E0006.P042,LDC.T19.E0006.P042,0,66,2,PRESERVED_INSIDE_RUN,"""Notre « jeu risqué » à ce moment-là, échoua mais bien qu'inabouti."""
LDC.T19.E0004.P043,LDC.T19.E0004.P043,6,81,1,PRESERVED_INSIDE_RUN,"""Ma fille, sais-tu pourquoi on t'attribua la deuxième partie de « la Gloire…"""
LDC.T19.E0006.P044,LDC.T19.E0006.P044,0,118,2,PRESERVED_INSIDE_RUN,"'Alors, après de longues années, Mon Amour voulut à nouveau répéter ce « jeu risqué » et ce fut avec Ma Mère Immaculée.'"
LDC.T19.E0013.P045,LDC.T19.E0013.P045,0,132,2,PRESERVED_INSIDE_RUN,"""Ma Volonté est « le Tout ». Voilà pourquoi on peut affirmer que la mission de la Souveraine Reine et la tienne ne sont qu'une seule."""
LDC.T19.E0060.P046,LDC.T19.E0060.P046,0,49,1,PRESERVED_INSIDE_RUN,"""Il est vrai que l'Église ne récite le «Notre Père"""
LDC.T19.E0013.P047,LDC.T19.E0013.P047,0,30,1,PRESERVED_INSIDE_RUN,"""- un amour qui dit « Je t'aime"""
LDC.T19.E0060.P047,LDC.T19.E0060.P047,0,137,1,PRESERVED_INSIDE_RUN,"'que depuis que Je vins sur la terre, dans lequel on demande : «que ton Règne vienne, que ta Volonté soit faite sur la terre comme au Ciel'"
LDC.T19.E0032.P052,LDC.T19.E0032.P052,0,25,2,PRESERVED_INSIDE_RUN,'- notre « tout »-voyance.'
LDC.T19.E0049.P053,LDC.T19.E0049.P053,0,111,2,PRESERVED_INSIDE_RUN,"'Car, investis par la Lumière de la Volonté Éternelle, Ils perdent ce qui est « fini », les apparences humaines,'"
LDC.T19.E0049.P054,LDC.T19.E0049.P054,0,148,2,PRESERVED_INSIDE_RUN,"""Ils acquièrent « l'Infini », la Substance divine pour que Dieu et l'âme réunis ne fasse qu'Un. Sois donc attentive à ce que ton envol soit "
LDC.T19.E0060.P060,LDC.T19.E0060.P060,0,181,2,PRESERVED_INSIDE_RUN,"""Donc, pour remettre en état Mon Règne de Ma Volonté sur la terre, Il faut que les actes de la créature soient suffisants afin que Mon Règne"
LDC.T19.E0020.P062,LDC.T19.E0020.P062,0,189,1,PRESERVED_INSIDE_RUN,"'Alors, prends garde, bois à chaque instant ces gorgées de Lumière de Ma Volonté, pour que se réalise en toi le plus grand des prodiges : « "
LDC.T19.E0060.P065,LDC.T19.E0060.P065,0,88,2,PRESERVED_INSIDE_RUN,"'- ton « Je t’aime », ton adoration, ta reconnaissance, ton merci, sur toutes nos Œuvres.'"
LDC.T19.E0039.P071,LDC.T19.E0039.P071,0,92,1,PRESERVED_INSIDE_RUN,"""Te voyant tremblante et craintive, Je te rassurais en te disant : «Pourquoi t'inquiètes-tu ?"""
LDC.T19.E0045.P072,LDC.T19.E0045.P072,0,112,6,PRESERVED_INSIDE_RUN,"""- tu parles dans le fil en disant : « Je t'aime », « Je t'adore », « Je te bénis», ce que tu veux, et regarde..."""
LDC.T19.E0006.P076,LDC.T19.E0006.P076,0,149,2,PRESERVED_INSIDE_RUN,"""- à l'autre l'accomplissement de Ma Volonté, seul but de la Création, de la Rédemption et de Ma revanche envers Mon « jeu risqué » en créan"
LDC.T19.E0027.P079,LDC.T19.E0027.P079,0,101,2,PRESERVED_INSIDE_RUN,"""- pour que Ma Volonté prenne Vie en toi, personne ne se serait soucié d'être «habité» par Ma Volonté."""
LDC.T19.E0006.P086,LDC.T19.E0006.P086,0,43,1,PRESERVED_INSIDE_RUN,"""- à un acte, à une prière, à un « Je t'aime"""
LDC.T19.E0006.P093,LDC.T19.E0006.P093,0,121,3,PRESERVED_INSIDE_RUN,"""Qu'en sera-t-Il de tes nombreux « Je t'aime » dans Ma Volonté, répétant toujours le même refrain : « Je t'aime, Je t'aime"""
LDC.T19.E0023.P100,LDC.T19.E0023.P100,0,63,2,PRESERVED_INSIDE_RUN,"""- un amour qui dit « Je t'aime » de la part de tous et de tout,"""
LDC.T19.E0008.P123,LDC.T19.E0008.P123,0,108,2,PRESERVED_INSIDE_RUN,'- le FIAT « que ta Volonté soit faite » dans le Ciel comme sur la terre symbolisent la Sacro-Sainte Trinité.'
LDC.T19.E0026.P141,LDC.T19.E0026.P141,6,78,2,PRESERVED_INSIDE_RUN,"'Ma fille, le Père et le Saint Esprit faisaient toujours « Un » avec Moi.'"
LDC.T20.E0047.P009,LDC.T20.E0047.P009,0,155,1,PRESERVED_INSIDE_RUN,"'Et dans ce que tu écriras, Je t’aiderai. Je ne te laisserai pas seule. Quand Je verrai que tu ne peux pas aller plus loin, Je dirai Moi-mêm"
LDC.T20.E0037.P044,LDC.T20.E0037.P044,0,94,1,PRESERVED_INSIDE_RUN,"'- les connaître afin de les faire et de pouvoir dire : «Ce qu’Elle fait, Je le fais Moi aussi.'"
LDC.T20.E0006.P050,LDC.T20.E0006.P050,0,165,1,PRESERVED_INSIDE_RUN,"'- de leur laisser étendre leur possession dans le Fiat suprême pour qu’elles ne puissent jamais dire : « C’est assez, nous n’avons pas d’au"
LDC.T20.E0038.P057,LDC.T20.E0038.P057,0,110,1,PRESERVED_INSIDE_RUN,"'Mon esprit continuait à penser à la Volonté Suprême et Je Me disais : « Mais, comment est-ce possible que Moi,'"
LDC.T20.E0053.P085,LDC.T20.E0053.P085,0,90,1,PRESERVED_INSIDE_RUN,'- ‘une’ la prière qui sortira de tous les êtres : « Que vienne le Royaume du Fiat Suprême.'
LDC.T20.E0058.P086,LDC.T20.E0058.P086,0,104,1,PRESERVED_INSIDE_RUN,'- que l’on reconnaisse que tout Lui appartient afin de pouvoir dire : « Tout est à toi—régnons ensemble.'
LDC.T21.E0020.P002,LDC.T21.E0020.P002,0,60,2,PRESERVED_INSIDE_RUN,"'Ma fille, Ma Volonté à l’œuvre dans la Création était «une».'"
LDC.T21.E0020.P007,LDC.T21.E0020.P007,0,21,2,PRESERVED_INSIDE_RUN,"'- la rend « une », et'"
LDC.T21.E0024.P027,LDC.T21.E0024.P027,0,199,2,PRESERVED_INSIDE_RUN,"'Le soleil, dans sa grandeur et sa magnificence, est «un» dans son acte, mais il accomplit tant de choses dans cet Acte unique qu’il fascine"
LDC.T21.E0010.P050,LDC.T21.E0010.P050,56,141,2,PRESERVED_INSIDE_RUN,"'Ma fille, dans la Création, la Volonté qui décida de créer toutes choses était «une».'"
LDC.T22.E0007.P007,LDC.T22.E0007.P007,0,96,1,PRESERVED_INSIDE_RUN,"'Mon Amour, uni à Ma Volonté Divine, murmure toujours en toi, « Tu es toujours belle à Mes Yeux :'"
LDC.T22.E0002.P024,LDC.T22.E0002.P024,0,124,2,PRESERVED_INSIDE_RUN,"'Ma Volonté, étant «une», fait toutes choses de la même manière. Ainsi, l’âme qui possède cette divine unité contient en elle'"
LDC.T22.E0016.P047,LDC.T22.E0016.P047,0,145,2,PRESERVED_INSIDE_RUN,"'- combien doucement Je te répète : « Ma pauvre fille, Ma pauvre fille, quel martyre que le tien », afin que le son de Ma Voix ne te réveill"
LDC.T22.E0012.P059,LDC.T22.E0012.P059,0,69,1,PRESERVED_INSIDE_RUN,"'C’est aussi ce que Je te réponds : « Tu es toujours soleil, parce que'"
LDC.T22.E0003.P070,LDC.T22.E0003.P070,0,77,2,PRESERVED_INSIDE_RUN,"'Bien que ce Soleil soit «un», Il possède la vertu de se transporter au-dehors'"
LDC.T23.E0035.P024,LDC.T23.E0035.P024,0,93,1,PRESERVED_INSIDE_RUN,'- que le cri de chacun soit entendu : « Que ta Volonté soit faite sur la terre comme au Ciel.'
LDC.T23.E0005.P025,LDC.T23.E0005.P025,0,47,1,PRESERVED_INSIDE_RUN,'Et sais-tu ce que signifie avoir la « plénitude'
LDC.T23.E0035.P028,LDC.T23.E0035.P028,0,119,3,PRESERVED_INSIDE_RUN,"'Ma Prière même au Père céleste : « Viens » « que ton Règne arrive, que ta Volonté soit faite sur la terre comme au Ciel'"
LDC.T23.E0021.P034,LDC.T23.E0021.P034,0,98,1,PRESERVED_INSIDE_RUN,'Elle aime t’entendre répéter ton refrain : « Que le Royaume de ton divin Fiat vienne sur la terre.'
LDC.T23.E0008.P056,LDC.T23.E0008.P056,0,54,1,PRESERVED_INSIDE_RUN,'Et sais-tu ce que signifie UNITÉ ? Cela veut dire « UN'
LDC.T23.E0008.P057,LDC.T23.E0008.P057,0,7,1,PRESERVED_INSIDE_RUN,'Ce « un'
LDC.T23.E0038.P068,LDC.T23.E0038.P068,0,60,1,PRESERVED_INSIDE_RUN,"'Ma fille, tu n’as pas bien compris ce que signifiait « Unité'"
LDC.T23.E0029.P071,LDC.T23.E0029.P071,0,122,1,PRESERVED_INSIDE_RUN,'Or ce que Je manifeste sur Ma Volonté Divine et que tu écris peut être appelé l’« Évangile du Royaume de la Volonté Divine'
LDC.T23.E0002.P080,LDC.T23.E0002.P080,0,136,2,PRESERVED_INSIDE_RUN,"'Tu peux donc être sûre que la « Volonté de Dieu » et l’ennemi infernal ne seront jamais en accord, ni ensemble, ni près l’un de l’autre.'"
LDC.T23.E0032.P090,LDC.T23.E0032.P090,4,121,1,PRESERVED_INSIDE_RUN,"'Que ta Volonté soit faite sur la terre comme au Ciel », afin qu’en voyant ta petitesse, la petite fille de Ma Volonté'"
LDC.T23.E0020.P094,LDC.T23.E0020.P094,0,78,1,PRESERVED_INSIDE_RUN,"'Aussi, Je te le répète : « Sois attentive, Ma fille, et que rien ne t’échappe.'"
LDC.T23.E0003.P100,LDC.T23.E0003.P100,0,107,1,PRESERVED_INSIDE_RUN,"'Tu ne devrais craindre Mon départ que si Je te disais : « Donne-Moi ce qui est à Moi, donne-Moi Ma Volonté.'"
LDC.T23.E0011.P114,LDC.T23.E0011.P114,0,44,1,PRESERVED_INSIDE_RUN,'- ‘un’ ton « Fiat sur la terre comme au Ciel'
LDC.T24.E0024.P005,LDC.T24.E0024.P005,0,215,4,PRESERVED_INSIDE_RUN,"'Ma fille, ton continuel « Je t’aime » n’est pas autre chose que la continuité du premier «Je t’aime » de Ma Volonté Divine qui, prononcé un"
LDC.T24.E0024.P006,LDC.T24.E0024.P006,0,34,2,PRESERVED_INSIDE_RUN,'Le « Je t’aime » forme la chaleur.'
LDC.T24.E0024.P007,LDC.T24.E0024.P007,0,133,2,PRESERVED_INSIDE_RUN,"'Ma Volonté Divine forme la Lumière qui, envahissant le « Je t’aime », forme un Soleil. Tous sont plus radieux les uns que les autres.'"
LDC.T24.E0038.P009,LDC.T24.E0038.P009,0,118,2,PRESERVED_INSIDE_RUN,"'Faisant résonner Mon « Je t’aime » en chaque chose créée, elle demandait le Royaume de la Volonté Divine sur la terre.'"
LDC.T24.E0009.P012,LDC.T24.E0009.P012,0,44,1,PRESERVED_INSIDE_RUN,'- autant de fois qu’elle dit son « Je t’aime'
LDC.T24.E0009.P013,LDC.T24.E0009.P013,0,33,2,PRESERVED_INSIDE_RUN,'Son « Je t’aime » vole vers Dieu.'
LDC.T24.E0009.P014,LDC.T24.E0009.P014,0,64,2,PRESERVED_INSIDE_RUN,"'Et l’Être Suprême, regarde dans ce « Je t’aime » de la créature.'"
LDC.T24.E0009.P015,LDC.T24.E0009.P015,0,57,1,PRESERVED_INSIDE_RUN,'Il se voit Lui-même tout entier dans ce petit « Je t’aime'
LDC.T24.E0009.P017,LDC.T24.E0009.P017,0,84,2,PRESERVED_INSIDE_RUN,'Ce petit « Je t’aime » contient un secret prodigieux : dans sa petitesse il contient'
LDC.T24.E0024.P018,LDC.T24.E0024.P018,0,97,1,PRESERVED_INSIDE_RUN,"'Et tout ému, Il répète : « Qu’elle est belle ! Qu’elle est belle, la nouvelle-née de Ma Volonté !'"
LDC.T24.E0009.P021,LDC.T24.E0009.P021,0,38,1,PRESERVED_INSIDE_RUN,'Il peut dire : « Je donne Dieu à Dieu.'
LDC.T24.E0009.P022,LDC.T24.E0009.P022,0,62,2,PRESERVED_INSIDE_RUN,"'Dans ce petit « Je t’aime » de la créature, l’Être infini sent'"
LDC.T24.E0009.P025,LDC.T24.E0009.P025,0,46,1,PRESERVED_INSIDE_RUN,'Voilà ce que tu Me donnes avec tes « Je t’aime'
LDC.T24.E0009.P028,LDC.T24.E0009.P028,0,127,2,PRESERVED_INSIDE_RUN,"'Mon Fiat, qui forme la Vie de ton « Je t’aime » pour Moi en toi, fait ses délices en formant ces nombreuses naissances de Nous.'"
LDC.T24.E0009.P029,LDC.T24.E0009.P029,0,70,2,PRESERVED_INSIDE_RUN,"'Il garde ainsi le rythme des « Je t’aime » en toi, avec l’ardent désir'"
LDC.T24.E0025.P029,LDC.T24.E0025.P029,0,188,4,PRESERVED_INSIDE_RUN,'Ma Volonté Divine est présent comme la Vie primaire en tout. Ainsi « une » est la vie et « une » est le poids. Le poids de tout ensemble es
LDC.T24.E0009.P030,LDC.T24.E0009.P030,0,61,1,PRESERVED_INSIDE_RUN,'- de toujours frapper cette monnaie divine de tes « Je t’aime'
LDC.T24.E0009.P033,LDC.T24.E0009.P033,0,53,1,PRESERVED_INSIDE_RUN,'- de la perle du prodigieux secret de ton « Je t’aime'
LDC.T24.E0045.P035,LDC.T24.E0045.P035,0,65,1,PRESERVED_INSIDE_RUN,'Qui pourrait dire : « Je peux empêcher le passage de la lumière ?'
LDC.T24.E0003.P042,LDC.T24.E0003.P042,0,114,2,PRESERVED_INSIDE_RUN,'Est-ce que je ne crie pas constamment des profondeurs de ton cœur « Que rien n’entre ici que Ma seule Volonté !» ?'
LDC.T24.E0031.P045,LDC.T24.E0031.P045,0,104,1,PRESERVED_INSIDE_RUN,"'Ainsi, faisant écho à notre Bénédiction, ils répètent : « Au nom du Père, et du Fils et du Saint-Esprit.'"
LDC.T24.E0017.P049,LDC.T24.E0017.P049,0,20,1,PRESERVED_INSIDE_RUN,'- de tes « Je t’aime'
LDC.T24.E0030.P049,LDC.T24.E0030.P049,0,84,1,PRESERVED_INSIDE_RUN,"'- pour pouvoir Lui dire : « Tu M’as donné les cieux, les étoiles, le soleil, la mer.'"
LDC.T24.E0017.P050,LDC.T24.E0017.P050,0,130,8,PRESERVED_INSIDE_RUN,"'Dans ce « Je t’aime », qui redit son refrain « Donnez-Moi votre divin Fiat », le « Fiat » et le « Je t’aime » semblent entrelacés.'"
LDC.T24.E0010.P057,LDC.T24.E0010.P057,12,112,2,PRESERVED_INSIDE_RUN,"'Ma fille, quelle merveille, quel enchantement de voir toutes les choses ornées de tes « Je t’aime ».'"
LDC.T24.E0021.P058,LDC.T24.E0021.P058,0,70,1,PRESERVED_INSIDE_RUN,'Il ne peut l’être qu’en disant : « Je n’ai plus rien d’autre à donner.'
LDC.T24.E0010.P060,LDC.T24.E0010.P060,0,84,2,PRESERVED_INSIDE_RUN,"'- toutes les plantes, les pierres, les gouttes d’eau ornées de tes « Je t’aime », et'"
LDC.T24.E0010.P063,LDC.T24.E0010.P063,0,53,1,PRESERVED_INSIDE_RUN,"'- le ciel qu’elles voient, remplis de tes « Je t’aime'"
LDC.T24.E0010.P064,LDC.T24.E0010.P064,0,98,2,PRESERVED_INSIDE_RUN,"'- et les étoiles qui brillent de tes « Je t’aime », quel émerveillement ne naîtrait pas en elles !'"
LDC.T24.E0010.P065,LDC.T24.E0010.P065,0,98,1,PRESERVED_INSIDE_RUN,'Quel doux enchantement dilaterait la pupille de leurs yeux pour te voir psalmodier tes « Je t’aime'
LDC.T24.E0010.P070,LDC.T24.E0010.P070,0,52,1,PRESERVED_INSIDE_RUN,'- pour profiter de l’enchantement de tes « Je t’aime'
LDC.T24.E0046.P070,LDC.T24.E0046.P070,0,61,2,PRESERVED_INSIDE_RUN,"'- qui s’est imposée sur le « rien » par son Fiat Créateur, et'"
LDC.T24.E0010.P071,LDC.T24.E0010.P071,0,225,1,PRESERVED_INSIDE_RUN,"'Or si ce merveilleux enchantement demeure caché aux créatures, il ne l’est pas au Ciel Là les habitants peuvent profiter de l’enchantement "
LDC.T24.E0010.P072,LDC.T24.E0010.P072,0,184,2,PRESERVED_INSIDE_RUN,"'Ils sentent que leurs « Je t’aime » s’harmonisent avec les tiens Ils ne se sentent pas séparés de la terre parce que l’Amour les réunit, fo"
LDC.T24.E0037.P073,LDC.T24.E0037.P073,0,116,1,PRESERVED_INSIDE_RUN,'Je t’attends dans chacun de Mes Actes pour pouvoir dire : « La petite fille de Ma Volonté ne M’a jamais laissé seul.'
LDC.T24.E0010.P074,LDC.T24.E0010.P074,0,88,1,PRESERVED_INSIDE_RUN,'Je ne Me suis pas fatigué de les orner pour toi de Mes incessants et répétés « Je t’aime'
LDC.T24.E0030.P074,LDC.T24.E0030.P074,0,50,1,PRESERVED_INSIDE_RUN,'dont Elle ne dise à l’âme : « Faisons-le ensemble.'
LDC.T24.E0010.P075,LDC.T24.E0010.P075,0,49,1,PRESERVED_INSIDE_RUN,'Je ne Me suis pas lassé de placer Mes « Je t’aime'
LDC.T24.E0045.P085,LDC.T24.E0045.P085,0,55,1,PRESERVED_INSIDE_RUN,'Personne ne peut dire : «Il ne Me donne pas sa lumière.'
LDC.T24.E0040.P098,LDC.T24.E0040.P098,0,66,1,PRESERVED_INSIDE_RUN,"'Tout en dormant, Il répétait : « Mes deux Mamans, Mes deux Mamans…'"
LDC.T24.E0040.P100,LDC.T24.E0040.P100,0,93,1,PRESERVED_INSIDE_RUN,'Comme cela touchait le cœur de Le voir interrompre son sommeil pour dire : « Mes deux Mamans…'
LDC.T25.E0004.P023,LDC.T25.E0004.P023,0,226,2,PRESERVED_INSIDE_RUN,"'Elle fait se lever et se placer toutes les Œuvres divines en « attitude », tantôt elle joue une Mélodie divine, tantôt elle joue une scène "
LDC.T25.E0030.P023,LDC.T25.E0030.P023,0,62,2,PRESERVED_INSIDE_RUN,"'- ravi par chacun des « Je t’aime » de Celui qui l’avait créé,'"
LDC.T25.E0030.P028,LDC.T25.E0030.P028,0,142,2,PRESERVED_INSIDE_RUN,"'- ne lui a pas laissé perdre un seul de nos « Je t’aime », auquel il répondait par le sien. C’était charmant et même enchanteur de l’entend"
LDC.T25.E0030.P029,LDC.T25.E0030.P029,0,130,2,PRESERVED_INSIDE_RUN,"'La Puissance de notre divin Fiat prenait le « Je t’aime » de notre fils, le cher joyau de notre Cœur, sur les ailes de sa Lumière.'"
LDC.T25.E0018.P030,LDC.T25.E0018.P030,0,91,2,PRESERVED_INSIDE_RUN,'Nous voulions créer « des cieux et des soleils qui parlent » dans la profondeur de son âme.'
LDC.T25.E0030.P030,LDC.T25.E0030.P030,0,126,2,PRESERVED_INSIDE_RUN,"'Envahissant toute la Création, il nous faisait entendre en chaque chose créée son continuel « Je t’aime » tout comme le Nôtre.'"
LDC.T25.E0017.P038,LDC.T25.E0017.P038,0,58,2,PRESERVED_INSIDE_RUN,"'- de te dire un « Je t’aime », comme en réponse aux tiens.'"
LDC.T25.E0017.P067,LDC.T25.E0017.P067,0,63,2,PRESERVED_INSIDE_RUN,"'Alors que notre Volonté, « une » en Elle-même, devait maintenir'"
LDC.T25.E0001.P091,LDC.T25.E0001.P091,0,206,2,PRESERVED_INSIDE_RUN,"'Il ne peut être comparé à la lampe qui brûle devant Mon tabernacle d’Amour. D’autant plus que Ma Volonté Divine étant en toi, tu formes le "
LDC.T25.E0032.P101,LDC.T25.E0032.P101,0,57,3,PRESERVED_INSIDE_RUN,"'C’était bien Elle, parce que « Verbum » signifie « Parole'"
LDC.T25.E0032.P114,LDC.T25.E0032.P114,0,117,2,PRESERVED_INSIDE_RUN,'Le «Fiat Voluntas Tua sur la terre comme au Ciel» est précisément cela : que l’homme revienne dans Ma Volonté Divine.'
LDC.T26.E0002.P009,LDC.T26.E0002.P009,0,221,2,PRESERVED_INSIDE_RUN,"'Notre divin Fiat, avec sa Puissance créatrice, opérante et vivifiante, a produit la Création tout entière. Au moment où le « Fiat » fut pro"
LDC.T26.E0022.P013,LDC.T26.E0022.P013,0,183,2,PRESERVED_INSIDE_RUN,"'Il est comme la tête par rapport aux membres. Si quelqu’un voulait dire : « Je peux vivre sans tête », cela lui serait impossible. Cette si"
LDC.T26.E0010.P029,LDC.T26.E0010.P029,0,139,2,PRESERVED_INSIDE_RUN,"'La Lumière de Mon Vouloir te fait courir pour placer tes « Je Vous aime » qu’Il libère de son Sein de Lumière sur toutes les choses créées,"
LDC.T26.E0010.P030,LDC.T26.E0010.P030,0,76,2,PRESERVED_INSIDE_RUN,'- afin de voir toute la Création ornée de ses « Je Vous aime » et des tiens.'
LDC.T26.E0010.P033,LDC.T26.E0010.P033,0,115,2,PRESERVED_INSIDE_RUN,'Mon Amour est Nourriture. Chacun de tes « Je t’aime » est une gorgée de nourriture que tu donnes à mon Fiat en toi.'
LDC.T26.E0013.P036,LDC.T26.E0013.P036,0,56,1,PRESERVED_INSIDE_RUN,'- de te dire : « Je veux donner ce que l’homme a rejeté.'
LDC.T26.E0008.P040,LDC.T26.E0008.P040,0,168,4,PRESERVED_INSIDE_RUN,"'- l’espérance du Royaume de ma Volonté Divine sur la terre. Cette espérance qui ne dit pas « doute », mais « certitude ». Parce que son Roy"
LDC.T26.E0014.P074,LDC.T26.E0014.P074,0,93,2,PRESERVED_INSIDE_RUN,"'Mais lorsque cette lumière « une » touche la terre, les effets en sont innombrables et réels.'"
LDC.T26.E0009.P118,LDC.T26.E0009.P118,0,144,1,PRESERVED_INSIDE_RUN,"'Et parce qu’il L’a rejetée, il a fait de Moi le Dieu taciturne. Combien Je souffre ! » Quel Amour réprimé, qui Me faisait défaillir et déli"
LDC.T27.E0012.P008,LDC.T27.E0012.P008,35,153,2,PRESERVED_INSIDE_RUN,"'Ma fille, Je suis le Centre de toute la Création, mais un Centre « seul ». Tout est autour de Moi. Tout dépend de Moi.'"
LDC.T27.E0004.P009,LDC.T27.E0004.P009,0,70,3,PRESERVED_INSIDE_RUN,"'Parce que, comme la Création est le « rien », ils ont besoin du « Tout'"
LDC.T27.E0024.P051,LDC.T27.E0024.P051,0,96,2,PRESERVED_INSIDE_RUN,"'Notre Parole est porteuse de Vie. N’est-ce pas notre Parole « Fiat » qui, en se prononçant, créa'"
LDC.T27.E0024.P055,LDC.T27.E0024.P055,0,116,2,PRESERVED_INSIDE_RUN,"'Jusqu’à ce que fût prononcé le « Fiat », tout était en Nous. Lorsqu’Il fut prononcé, Il peupla les cieux et la terre'"
LDC.T27.E0024.P071,LDC.T27.E0024.P071,0,39,2,PRESERVED_INSIDE_RUN,"'Je disais « Fiat », puis Je M’arrêtais.'"
LDC.T27.E0021.P095,LDC.T27.E0021.P095,0,63,1,PRESERVED_INSIDE_RUN,'Je peux dire : « Tous les maux tombent en Moi et autour de Moi.'
LDC.T28.E0001.P013,LDC.T28.E0001.P013,0,76,1,PRESERVED_INSIDE_RUN,"'Par conséquent, quiconque vit dans Mon divin Vouloir peut être appelé « ciel'"
LDC.T28.E0017.P018,LDC.T28.E0017.P018,0,48,2,PRESERVED_INSIDE_RUN,"'- court, entoure et embrasse le « Je T’aime » et'"
LDC.T28.E0017.P019,LDC.T28.E0017.P019,0,49,2,PRESERVED_INSIDE_RUN,'- se transmue en ce « Je T’aime » de la créature.'
LDC.T28.E0017.P020,LDC.T28.E0017.P020,0,69,2,PRESERVED_INSIDE_RUN,'Et l’Amour divin rend le « Je T’aime » de la créature tellement grand'
LDC.T28.E0017.P022,LDC.T28.E0017.P022,0,91,2,PRESERVED_INSIDE_RUN,"'Et nous sentons les fibres, la vie de notre amour dans le petit «Je T’aime» de la créature.'"
LDC.T28.E0017.P023,LDC.T28.E0017.P023,0,108,4,PRESERVED_INSIDE_RUN,'Et nous répondons à ce «Je T’aime» en donnant le bonheur de notre amour au petit «Je T’aime» de la créature.'
LDC.T28.E0017.P024,LDC.T28.E0017.P024,0,77,2,PRESERVED_INSIDE_RUN,'Ce petit «Je T’aime» ne sort plus de l’intérieur de l’Unité de notre Vouloir.'
LDC.T28.E0017.P025,LDC.T28.E0017.P025,0,132,2,PRESERVED_INSIDE_RUN,"'Et en restant là, le «Je T’aime» se diffuse tellement dans l’orbite du Fiat qu’il ne fait plus que suivre partout la Volonté Divine.'"
LDC.T28.E0023.P032,LDC.T28.E0023.P032,0,57,2,PRESERVED_INSIDE_RUN,'- un « Merci » de gratitude pour tant de folies d’Amour ?'
LDC.T28.E0001.P046,LDC.T28.E0001.P046,0,80,2,PRESERVED_INSIDE_RUN,'- l’Amour inépuisable qui jamais ne dit « C’est assez » et veut toujours donner.'
LDC.T28.E0009.P046,LDC.T28.E0009.P046,0,88,2,PRESERVED_INSIDE_RUN,'Il ne savait pas dire « C’est assez !». Notre Amour voulait continuer son Œuvre d’Amour.'
LDC.T28.E0003.P053,LDC.T28.E0003.P053,0,59,1,PRESERVED_INSIDE_RUN,"'Ma fille, sais-tu ce que signifie « Unité de Volonté Divine'"
LDC.T28.E0021.P058,LDC.T28.E0021.P058,0,196,4,PRESERVED_INSIDE_RUN,"'- placer ton « Je T’aime » sur chaque Acte de Ma Volonté afin de revêtir les Actes de Ma Volonté de tes « Je T’aime », J’entends le doux so"
LDC.T28.E0006.P059,LDC.T28.E0006.P059,0,66,2,PRESERVED_INSIDE_RUN,'- tes continuels « Je t’aime » forment la Vie de Mon Amour en toi.'
LDC.T28.E0002.P061,LDC.T28.E0002.P061,0,207,1,PRESERVED_INSIDE_RUN,"'Il aurait été contre la nature de notre Amour de ne pas faire de notre fils un propriétaire, lui que Nous aimions tant et qui Nous aimait. "
LDC.T28.E0011.P061,LDC.T28.E0011.P061,0,82,2,PRESERVED_INSIDE_RUN,"'Ma fille, tu as oublié qu’un seul « Je T’aime » dans Ma Volonté Divine a la vertu,'"
LDC.T28.E0029.P061,LDC.T28.E0029.P061,48,133,2,PRESERVED_INSIDE_RUN,"'Ma fille, l’Amour vrai, accompagné par ces paroles « Je T’aime », ne Me lasse jamais.'"
LDC.T28.E0011.P064,LDC.T28.E0011.P064,0,51,2,PRESERVED_INSIDE_RUN,'Le « Je T’aime » dans Ma Volonté Divine est la Vie.'
LDC.T28.E0001.P074,LDC.T28.E0001.P074,0,158,2,PRESERVED_INSIDE_RUN,"'- le « Fiat Voluntas tua sicut in Caelo et in terra », Me satisfaisant de Mon propre Sacrifice et de Ma Mort en chaque Hostie afin de faire"
LDC.T28.E0011.P074,LDC.T28.E0011.P074,0,46,2,PRESERVED_INSIDE_RUN,"'Par conséquent, «Je T’aime» n’est rien d’autre'"
LDC.T28.E0011.P076,LDC.T28.E0011.P076,0,67,2,PRESERVED_INSIDE_RUN,"'Étant Vie, ton premier « Je T’aime » veut être nourri pour grandir.'"
LDC.T28.E0011.P078,LDC.T28.E0011.P078,0,59,3,PRESERVED_INSIDE_RUN,"'Et en répétant tes « Je T’aime », ton premier « Je T’aime »'"
LDC.T28.E0011.P081,LDC.T28.E0011.P081,0,73,2,PRESERVED_INSIDE_RUN,'Et répétant tes « Je T’aime » il sert à multiplier autant de Vies d’Amour'
LDC.T28.E0011.P082,LDC.T28.E0011.P082,0,43,2,PRESERVED_INSIDE_RUN,'- que de « Je T’aime » que tu as prononcés.'
LDC.T28.E0011.P084,LDC.T28.E0011.P084,0,74,4,PRESERVED_INSIDE_RUN,'- un «Je T’aime» appelle et rappelle avec insistance l’autre «Je T’aime ».'
LDC.T28.E0011.P085,LDC.T28.E0011.P085,0,172,2,PRESERVED_INSIDE_RUN,"'C’est pourquoi tu ressens un besoin, une nécessité d’Amour de suivre le cours de ton « Je T’aime ». Un vrai Bien ne reste jamais isolé, moi"
LDC.T28.E0011.P089,LDC.T28.E0011.P089,0,37,2,PRESERVED_INSIDE_RUN,"'Par conséquent, un « Je T’aime » sert'"
LDC.T28.E0029.P089,LDC.T28.E0029.P089,0,40,2,PRESERVED_INSIDE_RUN,"'Par conséquent, ton « Je t’aime » sert à'"
LDC.T28.E0011.P090,LDC.T28.E0011.P090,0,47,2,PRESERVED_INSIDE_RUN,'- à rappeler à la vie un autre « Je T’aime » et'
LDC.T28.E0011.P092,LDC.T28.E0011.P092,0,45,2,PRESERVED_INSIDE_RUN,'Les « Je T’aime » sont des Pas de Vie d’Amour'
LDC.T28.E0011.P094,LDC.T28.E0011.P094,0,90,2,PRESERVED_INSIDE_RUN,"'Aussi, ne t’arrête pas. Continue la course de ton « Je T’aime» pour Celui qui t’aime tant.'"
LDC.T28.E0033.P114,LDC.T28.E0033.P114,0,59,1,PRESERVED_INSIDE_RUN,'- ce que veut dire « faire une chose dans Ma Volonté Divine'
LDC.T29.E0025.P014,LDC.T29.E0025.P014,0,120,3,PRESERVED_INSIDE_RUN,"'- de placer pour Moi tes « Je t’aime » dans ce qu’elle faisait, est-ce que Je pouvais cesser de dire : « Mes deux Mamans'"
LDC.T29.E0036.P014,LDC.T29.E0036.P014,0,110,1,PRESERVED_INSIDE_RUN,'C’est-à-dire : « Je consume Ma vie dans un Amour continuel afin de faire vivre Celui que J’aime éternellement.'
LDC.T29.E0028.P027,LDC.T29.E0028.P027,0,97,2,PRESERVED_INSIDE_RUN,'- les doux «Je t’aime » de la créature afin de pouvoir donner libre cours à notre Amour et dire :'
LDC.T29.E0011.P028,LDC.T29.E0011.P028,0,47,2,PRESERVED_INSIDE_RUN,'- le tonnerre continuel de tes « Je t’aime » et'
LDC.T29.E0025.P030,LDC.T29.E0025.P030,0,90,1,PRESERVED_INSIDE_RUN,'- et lui donnent la maternité de nature. Comment alors ne pas répéter : « Mes deux Mamans.'
LDC.T29.E0008.P040,LDC.T29.E0008.P040,0,145,2,PRESERVED_INSIDE_RUN,"'De ses hauteurs où cet Acte ne dit jamais « c’est assez », Il projette une Infinité d’effets qui lui font tenir dans sa main le Ciel et la "
LDC.T29.E0021.P041,LDC.T29.E0021.P041,0,56,1,PRESERVED_INSIDE_RUN,"'Et dans ce témoignage d’Amour Elle répète : « Fiat, Fiat'"
LDC.T29.E0017.P057,LDC.T29.E0017.P057,2,76,1,PRESERVED_INSIDE_RUN,'sa tête écrasée par le pied de la Reine immaculée » trouve son achèvement.'
LDC.T29.E0023.P068,LDC.T29.E0023.P068,0,121,1,PRESERVED_INSIDE_RUN,'- dans la diversité des beautés de la nature. Nos Œuvres ont une voix commune. Toutes t’appellent « fille du Père céleste'
LDC.T29.E0023.P071,LDC.T29.E0023.P071,0,109,2,PRESERVED_INSIDE_RUN,"'- à notre tendre Voix qui t’appelle fille, Nous pouvons entendre ta voix Nous appeler « Père » et Nous dire :'"
LDC.T29.E0018.P082,LDC.T29.E0018.P082,0,67,1,PRESERVED_INSIDE_RUN,"'Et Moi, sais-tu ce que Je dis ? « Ah ! Ma fille ne connaît pas bien'"
LDC.T29.E0044.P086,LDC.T29.E0044.P086,0,80,1,PRESERVED_INSIDE_RUN,"'- pour exécuter chacun sa fonction, ils sortent le drapeau avec la devise « Fiat'"
LDC.T29.E0036.P087,LDC.T29.E0036.P087,0,67,1,PRESERVED_INSIDE_RUN,'Et ainsi tu peux dire toi aussi : « Je passe Ma journée avec Jésus.'
LDC.T29.E0007.P089,LDC.T29.E0007.P089,0,38,1,PRESERVED_INSIDE_RUN,'sais-tu alors que fait ton « Je t’aime'
LDC.T29.E0025.P112,LDC.T29.E0025.P112,0,96,2,PRESERVED_INSIDE_RUN,"'- cela se peut, mais que le Père lui dise : « Tu resteras dans le jeûne », Il ne le fera jamais.'"
LDC.T29.E0017.P124,LDC.T29.E0017.P124,0,81,2,PRESERVED_INSIDE_RUN,'- qu’à travers toi Je ferai que la prière « Que ton Règne arrive » s’accomplisse.'
LDC.T30.E0018.P036,LDC.T30.E0018.P036,0,184,2,PRESERVED_INSIDE_RUN,"'- prendre pour ainsi dire en main tous les actes de la créature pour l’appeler à y mettre du Sien, afin que ce soit Mon « Je vous aime » et"
LDC.T30.E0018.P068,LDC.T30.E0018.P068,2,106,1,PRESERVED_INSIDE_RUN,"'Nous avons tout fait et il ne reste rien à faire de notre part », comme Je l’ai dit dans la Rédemption :'"
LDC.T30.E0024.P074,LDC.T30.E0024.P074,0,111,1,PRESERVED_INSIDE_RUN,"'J’ai commandé qu’on lui enlève les bandages et Je l’ai appelé avec l’empire de Ma Voix : « Lazare, sors de là !'"
LDC.T30.E0018.P075,LDC.T30.E0018.P075,0,219,2,PRESERVED_INSIDE_RUN,"'C’est pourquoi Je te redis toujours : « Sois attentive. » N’omets rien, faisons notre part lorsqu’il n’y a rien d’autre à faire. Les circon"
LDC.T30.E0003.P091,LDC.T30.E0003.P091,14,27,1,PRESERVED_INSIDE_RUN,'et « Aime-Moi'
LDC.T30.E0003.P094,LDC.T30.E0003.P094,0,138,2,PRESERVED_INSIDE_RUN,'Oh ! combien Nous attendons le « Je t’aime » de la créature pour lui faire prendre sa place dans notre Amour et pour avoir le doux plaisir'
LDC.T30.E0003.P095,LDC.T30.E0003.P095,0,50,2,PRESERVED_INSIDE_RUN,"'- de pouvoir lui dire : « Je t’aime, ô enfant » et'"
LDC.T30.E0027.P096,LDC.T30.E0027.P096,0,35,1,PRESERVED_INSIDE_RUN,'Lorsqu’elle Nous dit « Je Vous aime'
LDC.T30.E0027.P097,LDC.T30.E0027.P097,0,175,2,PRESERVED_INSIDE_RUN,"'Nous lui redisons « Nous t’aimons, ô fille. » Lorsqu’elle Nous fait réparation, Nous la pressons sur notre Cœur. Lorsqu’elle Nous rend grâc"
LDC.T30.E0032.P124,LDC.T30.E0032.P124,0,45,1,PRESERVED_INSIDE_RUN,'D’autant plus qu’il s’agit de « donner la Vie'
LDC.T30.E0022.P134,LDC.T30.E0022.P134,0,70,1,PRESERVED_INSIDE_RUN,'Et c’est alors qu’elles s’exclament « Que la Volonté Divine soit faite'
LDC.T31.E0004.P002,LDC.T31.E0004.P002,0,316,4,PRESERVED_INSIDE_RUN,"'(2) Petite fille de Mon Vouloir, tu dois savoir que J’aime ton « Je t’aime » et que Je l’attends toujours. Je t’aime et ne cesse jamais de "
LDC.T31.E0004.P003,LDC.T31.E0004.P003,0,146,4,PRESERVED_INSIDE_RUN,"'Par contre, lorsque Mon « Je t’aime » court et trouve le tien prêt à être donné et à recevoir Mes « Je t’aime », Mon amour se sent payé de "
LDC.T31.E0004.P004,LDC.T31.E0004.P004,0,372,8,PRESERVED_INSIDE_RUN,"'Et il n’y a pas de laps de temps entre Mon « Je t’aime » et ton « Je t’aime ». Il y a une course, une compétition d’amour entre le Créateur"
LDC.T31.E0018.P004,LDC.T31.E0018.P004,0,420,1,PRESERVED_INSIDE_RUN,"'Et tout ce que le Fiat submerge et enferme dans son immensité répète cet acte de la créature. Ainsi, lorsque tu M’aimes, que tu M’adores, M"
LDC.T31.E0004.P007,LDC.T31.E0004.P007,0,371,2,PRESERVED_INSIDE_RUN,'Oh ! si tu savais comme Mon Cœur est blessé et combien il souffre lorsque Je dis « Je t’aime » et que la créature n’entend pas l’appel de M
LDC.T31.E0023.P007,LDC.T31.E0023.P007,0,203,2,PRESERVED_INSIDE_RUN,'Ce n’est rien comparé au travail d’écriture d’un seul caractère. Tel est ton « Je t’aime » : c’est la ponctuation dans l’écriture de ta vie
LDC.T31.E0028.P007,LDC.T31.E0028.P007,0,346,1,PRESERVED_INSIDE_RUN,"'Mais si ces vérités ont à peine fleuri et n’ont pas été consommées par une profonde étude et avec un amour qui génère l’appétit, pourquoi s"
LDC.T31.E0021.P008,LDC.T31.E0021.P008,0,128,2,PRESERVED_INSIDE_RUN,"'Ma fille, « aime-Moi, aime-Moi. Je suis né pour aimer et être aimé. » Afin d’agir en Dieu, Ma naissance devait être universelle.'"
LDC.T31.E0023.P008,LDC.T31.E0023.P008,0,374,2,PRESERVED_INSIDE_RUN,"'La ponctuation de ton « Je t’aime » met de l’ordre dans tous tes actes, replace les idées, donne l’expression la plus belle et te fait conn"
LDC.T31.E0013.P009,LDC.T31.E0013.P009,0,353,2,PRESERVED_INSIDE_RUN,"'Par conséquent, il lui faut faire usage de cette même Volonté dans laquelle elle a travaillé afin de le conserver en dépôt. De plus, tout c"
LDC.T31.E0021.P009,LDC.T31.E0021.P009,0,394,2,PRESERVED_INSIDE_RUN,'Je n’aurais pas agi en Dieu si Je n’étais pas né de façon universelle pour que chacun puisse dire : « le céleste Enfant est né pour Moi. Il
LDC.T31.E0025.P009,LDC.T31.E0025.P009,0,200,1,PRESERVED_INSIDE_RUN,"'Ainsi, afin de pouvoir donner, Je veux ce qui est petit et insignifiant, même comme prétexte pour pouvoir donner ce qui est grand et pouvoi"
LDC.T31.E0023.P010,LDC.T31.E0023.P010,0,424,2,PRESERVED_INSIDE_RUN,"'Ton « Je t’aime » s’unit à la ponctuation divine. En ponctuant, il reconnaît la valeur de nos caractères. Il apprend à lire notre page. Il "
LDC.T31.E0015.P011,LDC.T31.E0015.P011,0,256,2,PRESERVED_INSIDE_RUN,"'Par conséquent, sois attentive et avec courage et sans réserve aucune, donne-Moi ce qui est mien et donne-Moi tout de toi-même afin que Je "
LDC.T31.E0023.P011,LDC.T31.E0023.P011,0,224,4,PRESERVED_INSIDE_RUN,"'Plus encore, ton « Je t’aime» possède la vertu naturelle d’être converti en bien. Je prends, Moi, avec un amour total, les points et les vi"
LDC.T31.E0004.P012,LDC.T31.E0004.P012,0,287,2,PRESERVED_INSIDE_RUN,"'C’est pourquoi J’aime tant ton « Je t’aime » et Je le veux dans tous Mes actes, dans toutes les choses créées, et dans chaque acte des créa"
LDC.T31.E0005.P013,LDC.T31.E0005.P013,0,138,1,PRESERVED_INSIDE_RUN,'Si seulement tu savais ce qu’est Mon premier travail après Mon repos ! Je commence Mon travail en disant à la créature un doux « Je t’aime'
LDC.T31.E0019.P013,LDC.T31.E0019.P013,0,193,2,PRESERVED_INSIDE_RUN,"'Ainsi, chaque « Je t’aime » de la créature est pour Moi un triomphe. Et bien que Je l’aie Moi-même placé là secrètement, il M’importe peu q"
LDC.T31.E0023.P013,LDC.T31.E0023.P013,0,128,3,PRESERVED_INSIDE_RUN,"'Mais dis-Moi, Ma fille, pourquoi Me dis-tu « Je t’aime » et pourquoi veux-tu revêtir toutes les choses créées de ton « Je t’aime'"
LDC.T31.E0023.P013,LDC.T31.E0023.P013,212,383,2,PRESERVED_INSIDE_RUN,"'Par conséquent, tu dis « Je t’aime » parce que tu M’aimes. Mon plus grand bonheur, Mes soupirs, Mes attentes et Mes délires ne sont-ils pas"
LDC.T31.E0019.P014,LDC.T31.E0019.P014,0,241,2,PRESERVED_INSIDE_RUN,"'De plus, Je tiens à ce qu’il soit venu de la volonté de la créature, de sa voix. Me sentant touché, Je le ressens comme un amour venu de la"
LDC.T31.E0023.P014,LDC.T31.E0023.P014,0,202,4,PRESERVED_INSIDE_RUN,"'Ne sais-tu pas qu’avec chaque « Je t’aime » Je murmure dans l’oreille de ton cœur : « Je t’aime », et que Je place la ponctuation céleste s"
LDC.T31.E0004.P015,LDC.T31.E0004.P015,0,276,4,PRESERVED_INSIDE_RUN,"'Je verrai à le rendre grand ou petit. Et ton « Je t’aime », Je le veux dans le battement de ton cœur, dans l’air que tu respires, dans le s"
LDC.T31.E0019.P015,LDC.T31.E0019.P015,0,176,2,PRESERVED_INSIDE_RUN,"'Tu cherches à couvrir le ciel et la terre, et tout ce qui est animé et inanimé par ton « Je t’aime », ainsi Je vois toute chose parsemée de"
LDC.T31.E0005.P016,LDC.T31.E0005.P016,0,652,10,PRESERVED_INSIDE_RUN,"'La créature enivrée, grisée, Me laisse faire tout ce que Je veux, jusqu’à sacrifier sa propre vie. Parce que Mon « Je t’aime » sorti des pr"
LDC.T31.E0019.P016,LDC.T31.E0019.P016,0,176,1,PRESERVED_INSIDE_RUN,"'Et, ravi, Je dis dans la force de Mon amour : « Oh ! oui, comme Je suis heureux. Je suis déjà aimé. Et si Je triomphe dans l’amour de la cr"
LDC.T31.E0005.P017,LDC.T31.E0005.P017,0,721,8,PRESERVED_INSIDE_RUN,"'À ce moment-là, la créature se sent sous la pluie d’un immense « Je t’aime ». Et noyée dans Mon amour, elle se laisse faire, sans dire un m"
LDC.T31.E0019.P019,LDC.T31.E0019.P019,0,274,3,PRESERVED_INSIDE_RUN,"'Ma chère fille, tu dois savoir que ce que Je désire et ce qui M’intéresse le plus est de faire savoir que J’aime la créature. Je veux dire "
LDC.T31.E0024.P020,LDC.T31.E0024.P020,0,245,1,PRESERVED_INSIDE_RUN,"'Et ces âmes sont Mes conquérantes qui administrent leur vie à ce pauvre indigent et qui Me disent : « Mon amour, tu as eu ton tour pour sou"
LDC.T31.E0027.P021,LDC.T31.E0027.P021,0,311,2,PRESERVED_INSIDE_RUN,"'Et si nous ne sommes pas satisfaits d’une telle immensité d’amour, notre Être suprême agit comme un pêcheur et cherche à pêcher quelques go"
LDC.T31.E0029.P021,LDC.T31.E0029.P021,0,357,2,PRESERVED_INSIDE_RUN,"'Ma souffrance était grande et ces fleurs Me tiraient les larmes des yeux, car Je sentais pénétrer plus intensément le clou du vouloir humai"
LDC.T31.E0002.P022,LDC.T31.E0002.P022,0,250,2,PRESERVED_INSIDE_RUN,"'Les craintes, les soucis et les doutes sont des tempêtes. Ils empêchent le murmure continuel de ton paisible « Je t’aime » qui doit couler "
LDC.T31.E0019.P022,LDC.T31.E0019.P022,0,318,2,PRESERVED_INSIDE_RUN,"'C’est pourquoi J’aime tant tes « Je t’aime ». Lorsque tu le dis, il prend la forme d’une flamme rafraîchissante qui en venant dans Mon gran"
LDC.T31.E0008.P024,LDC.T31.E0008.P024,0,296,2,PRESERVED_INSIDE_RUN,"'Nous ressentons un besoin irrésistible d’Amour de partir à la recherche de tous et de tout, Rien ne nous échappe, pas même un battement de "
LDC.T31.E0019.P024,LDC.T31.E0019.P024,0,265,1,PRESERVED_INSIDE_RUN,"'Ma fille, les cieux et la terre sont remplis et inondés de Mon amour. Il n’est pas de lieu où Mon amour ne ressente le besoin de déborder p"
LDC.T31.E0019.P025,LDC.T31.E0019.P025,0,296,3,PRESERVED_INSIDE_RUN,"'Et Mon amour est tout oreilles pour entendre la créature prononcer son « Je t’aime ». Si elle l’affirme, Mon amour se sent rassuré dans la "
LDC.T31.E0019.P026,LDC.T31.E0019.P026,0,319,2,PRESERVED_INSIDE_RUN,"'Chaque « Je t’aime » de la créature est un exutoire à Mon amour. Cet amour, en entrant dans le mien, est incorporé dans Mon propre amour qu"
LDC.T31.E0019.P027,LDC.T31.E0019.P027,0,168,2,PRESERVED_INSIDE_RUN,'Vois-tu alors ce qu’est la longue psalmodie de tes « Je t’aime » ? Ce sont autant d’exutoires que tu donnes à ton Jésus Ils M’appellent à v
LDC.T31.E0019.P028,LDC.T31.E0019.P028,0,343,3,PRESERVED_INSIDE_RUN,"'Par conséquent, Je veux que tu Me dises toujours ton « Je t’aime ». Je veux le voir dans tout ce que J’ai fait pour toi. J’aime toujours l’"
LDC.T31.E0019.P029,LDC.T31.E0019.P029,0,90,1,PRESERVED_INSIDE_RUN,"'Et Je reste là dans Ma peine et J’attends ton cher petit refrain : « Je t’aime, Je t’aime.'"
LDC.T31.E0002.P030,LDC.T31.E0002.P030,0,209,1,PRESERVED_INSIDE_RUN,"'Ah ! la vie dans la Divine Volonté appelle le Ciel sur la terre. Sa lumière écrit sur le front en lettres indélébiles : « Amour éternel, Pa"
LDC.T31.E0020.P030,LDC.T31.E0020.P030,0,145,2,PRESERVED_INSIDE_RUN,"'Et Je peux alors dire en fait et non en paroles : « Ce qui est à Moi est à toi, et J’ai tout fait pour toi. » Avec cela, Mon dessein est ré"
LDC.T31.E0028.P030,LDC.T31.E0028.P030,0,132,1,PRESERVED_INSIDE_RUN,'C’est la même chose avec Ma Volonté quand J’ai dit spontanément : « Priez pour que Ma Volonté soit faite sur la terre comme au ciel.'
LDC.T31.E0019.P033,LDC.T31.E0019.P033,0,225,2,PRESERVED_INSIDE_RUN,"'Alors, chacun de tes « Je t’aime » devient un autre petit morceau de bois que tu jettes dans l’océan immense de Mon amour et qui, se transf"
LDC.T32.E0006.P003,LDC.T32.E0006.P003,0,466,2,PRESERVED_INSIDE_RUN,"'Tu dois donc savoir que notre Fiat a étendu cette voûte azurée que notre amour a constellée d’étoiles, mettant en chacune un acte d’amour c"
LDC.T32.E0007.P004,LDC.T32.E0007.P004,0,394,2,PRESERVED_INSIDE_RUN,'Mon céleste Père ne peut rien refuser à son Fils unique abandonné entre ses bras. Mon abandon de chaque instant était l’acte le plus agréab
LDC.T32.E0009.P005,LDC.T32.E0009.P005,4,167,1,PRESERVED_INSIDE_RUN,"'Ma bienheureuse fille, lorsque l’âme entre dans Mon Vouloir, Il lui dit avec son empire : « Oublie tout, même la maison de ta mère la terre"
LDC.T32.E0024.P005,LDC.T32.E0024.P005,0,385,2,PRESERVED_INSIDE_RUN,"'Il tourne autour d’elle en toutes choses et semble lui dire : « Regarde, c’est Moi. Je viens former Ma Vie en toi. » Et tel un assaillant, "
LDC.T32.E0029.P005,LDC.T32.E0029.P005,4,497,1,PRESERVED_INSIDE_RUN,'Comme il est beau de trouver notre fille au milieu de nos Œuvres. Nous sentons qu’elle veut rivaliser avec Nous. Nous avons créé toutes cho
LDC.T32.E0006.P006,LDC.T32.E0006.P006,0,443,4,PRESERVED_INSIDE_RUN,"'Sache que dans cette lumière, Je descends vers toi pour te dire avec force que Je t’aime, et Je tends l’oreille pour t’entendre Me dire « J"
LDC.T32.E0006.P007,LDC.T32.E0006.P007,0,213,2,PRESERVED_INSIDE_RUN,"'J’ai créé le vent et notre amour le remplit de ses effets pour que la fraîcheur, les tourbillons, le sifflement, les gémissements, les frac"
LDC.T32.E0012.P007,LDC.T32.E0012.P007,0,157,1,PRESERVED_INSIDE_RUN,"'Et en te faisant connaître tous les aspects du mal, Je ne fais que murer ces portes et les marquer de Mon sceau en disant : « Cette porte n"
LDC.T32.E0002.P008,LDC.T32.E0002.P008,0,236,1,PRESERVED_INSIDE_RUN,'Et qu’elle puisse ensuite nous administrer cette nourriture dans son âme pour ne pas nous laisser jeûner et pour pouvoir dire : « Dieu nour
LDC.T32.E0002.P009,LDC.T32.E0002.P009,0,138,1,PRESERVED_INSIDE_RUN,"'L’amour est alors satisfait lorsqu’il peut dire : « Tu M’as aimé et Je t’ai aimé. Ce que tu as fait pour Moi, Je l’ai fait aussi pour toi.'"
LDC.T32.E0029.P009,LDC.T32.E0029.P009,0,270,1,PRESERVED_INSIDE_RUN,'Si bien que la créature qui vit dans notre Volonté est la rassembleuse de toutes nos Œuvres qu’elle apporte dans notre sein pour nous dire 
LDC.T32.E0002.P011,LDC.T32.E0002.P011,0,294,2,PRESERVED_INSIDE_RUN,'Parce que l’amour vrai se sent heureux et satisfait lorsqu’il peut dire : « Ce qui est à toi est à Moi. » Et ne crois pas qu’il en était ai
LDC.T32.E0026.P011,LDC.T32.E0026.P011,0,136,1,PRESERVED_INSIDE_RUN,'Il se sent appelé et Il l’appelle afin de lui dire : « Y a-t-il autre chose que tu veux avoir de Mon Être divin ? Prends ce que tu veux.'
LDC.T32.E0004.P012,LDC.T32.E0004.P012,1,294,1,PRESERVED_INSIDE_RUN,"'Je peux Me bilocaliser, et, bien qu’en restant Celui que Je suis, Je peux reproduire Ma Vie dans une personne que J’aime."" Celui qui dirait"
LDC.T32.E0006.P012,LDC.T32.E0006.P012,4,639,2,PRESERVED_INSIDE_RUN,"'Ma bienheureuse fille, écoute encore Ma longue histoire d’amour. Je pourrais dire que c’est une interminable chaîne d’amour incessant et ja"
LDC.T32.E0010.P012,LDC.T32.E0010.P012,0,239,1,PRESERVED_INSIDE_RUN,"'Et Dieu T’appelle à L’aimer de ton amour spécial et nouveau. Et Il témoigne devant le Ciel et la terre : « C’est vrai, Je l’ai aimée, mais "
LDC.T32.E0016.P012,LDC.T32.E0016.P012,0,772,3,PRESERVED_INSIDE_RUN,"'Et, oh ! quelle satisfaction et quel bonheur cela nous donne, et combien notre amour y trouve son exutoire, son échange d’amour en sentant "
LDC.T32.E0026.P012,LDC.T32.E0026.P012,0,259,1,PRESERVED_INSIDE_RUN,"'D’ailleurs, déjà lorsque tu M’appelles, Je prépare pour toi Ma Puissance, Mon Amour, Ma Lumière, Ma Sainteté, tout ce qui est nécessaire da"
LDC.T32.E0011.P013,LDC.T32.E0011.P013,0,180,1,PRESERVED_INSIDE_RUN,"'À cela, avec autant d’Amour, Jésus répond : « Ma fille, tout t’appartient. Prends de Moi ce que tu veux. D’ailleurs, plus tu prendras, plus"
LDC.T32.E0004.P014,LDC.T32.E0004.P014,0,302,4,PRESERVED_INSIDE_RUN,"'Ton « Je T’aime » continuel est donc le nôtre. Il est le souffle de notre Vie, il est le battement de cœur dont les palpitations disent san"
LDC.T32.E0004.P015,LDC.T32.E0004.P015,0,352,6,PRESERVED_INSIDE_RUN,"'Ce « Je t’aime » qui est à Nous est aussi le tien, notre Souffle est aussi le tien. Et lorsque nous te donnons de l’Amour, tu nous donnes a"
LDC.T32.E0029.P015,LDC.T32.E0029.P015,0,576,2,PRESERVED_INSIDE_RUN,"'Cette créature fait alors que tout lui appartient. Et elle aime, adore et répète ce que l’Adam innocent a fait. Ma Divine Volonté ne change"
LDC.T32.E0001.P016,LDC.T32.E0001.P016,0,238,2,PRESERVED_INSIDE_RUN,"'Mais elle n’attend pas comme le roi qu’on lui demande des dons et des faveurs. Car c’est elle-même qui dit : « Je suis ici, que voulez-vous"
LDC.T32.E0005.P016,LDC.T32.E0005.P016,0,247,2,PRESERVED_INSIDE_RUN,"'Ainsi, Nous ne la quittons pas un instant, nous donnons toujours, nous la tenons toujours occupée pour ne pas lui laisser le temps de s’occ"
LDC.T32.E0006.P016,LDC.T32.E0006.P016,0,843,1,PRESERVED_INSIDE_RUN,"'Pour les créatures. Je les aimais tant et Je voulais donner. Je voulais être le Jésus conquérant, leur donner Moi-même Mes conquêtes et Mes"
LDC.T32.E0005.P017,LDC.T32.E0005.P017,0,297,1,PRESERVED_INSIDE_RUN,"'Comme notre Amour est plaideur, c’est avec Justice qu’elle veut mettre dans tous ses actes tout ce qu’elle peut, tout son amour, toute sa v"
LDC.T32.E0001.P018,LDC.T32.E0001.P018,0,127,2,PRESERVED_INSIDE_RUN,"'Tu peux alors dire : « Je suis la Volonté de Dieu ». Tu peux faire de toi la guenille, le vêtement qui cache Ma Divine Volonté.'"
LDC.T32.E0004.P018,LDC.T32.E0004.P018,0,109,2,PRESERVED_INSIDE_RUN,"'Alors, sois assidue, et fais que ton « Je T’aime » soit continuel. Car il n’est que le jaillissement du Mien.'"
LDC.T32.E0006.P019,LDC.T32.E0006.P019,0,443,2,PRESERVED_INSIDE_RUN,"'Mais Mon amour n’aurait pas été satisfait. Étant capable de donner et de faire plus, Mon Amour serait demeuré empêché en lui-même. Et il n’"
LDC.T32.E0001.P025,LDC.T32.E0001.P025,0,810,4,PRESERVED_INSIDE_RUN,"'Par conséquent, Mon acte est toujours présent. Parce que Je veux la créature toujours avec Moi. Son amour est le seul objet de tous Mes eff"
LDC.T32.E0005.P026,LDC.T32.E0005.P026,0,106,1,PRESERVED_INSIDE_RUN,"'Si bien que pour la créature qui vit dans notre Volonté, on peut appeler dans le temps cette voie « petite'"
LDC.T32.E0001.P029,LDC.T32.E0001.P029,0,239,1,PRESERVED_INSIDE_RUN,'Aie pitié de Mes larmes et de Mes souffrances. Souffrons ensemble pour que tu répètes ce que J’ai fait et pour que tu modèles ta vie sur la
LDC.T32.E0028.P029,LDC.T32.E0028.P029,0,175,1,PRESERVED_INSIDE_RUN,'La véritable transformation et consommation se produit alors avec la créature en Dieu. Et Dieu prend une part active et dit : « Tout est mi
LDC.T32.E0008.P037,LDC.T32.E0008.P037,0,384,1,PRESERVED_INSIDE_RUN,"'Mais avec une Compassion toute paternelle nous lui disons : « Où es-tu allée ? Pauvre fille, à quoi tu as été réduite. Vois-tu tout le mal "
LDC.T33.E0008.P003,LDC.T33.E0008.P003,4,88,2,PRESERVED_INSIDE_RUN,"'Petite fille de Ma Volonté, ton « Je t’aime », si petit soit-il, touche notre Amour.'"
LDC.T33.E0028.P006,LDC.T33.E0028.P006,4,415,2,PRESERVED_INSIDE_RUN,"""Ma petite fille, les actes, les sacrifices spontanés et non forcés que la créature fait pour Moi Me sont si agréables que pour y prendre pl"
LDC.T33.E0003.P007,LDC.T33.E0003.P007,0,324,4,PRESERVED_INSIDE_RUN,"""De sorte que la première leçon qu'il apprit de son Créateur, la première parole qu'il apprit à dire, la première pensée qui prit vie dans s"
LDC.T33.E0031.P007,LDC.T33.E0031.P007,0,322,6,PRESERVED_INSIDE_RUN,"""Lorsque, toute petite, tu veux M'aimer et que tu ne sais pas comment faire, c'est ton « Je T'aime » qui te fait sauter dans Mes bras. Et co"
LDC.T33.E0003.P008,LDC.T33.E0003.P008,0,362,5,PRESERVED_INSIDE_RUN,"""Il ne s'est interrompu que lorsqu'il eut le malheur de tomber dans le péché. Notre divinité était touchée d'entendre « Je t’aime, Je t’aime"
LDC.T33.E0028.P008,LDC.T33.E0028.P008,0,231,1,PRESERVED_INSIDE_RUN,"'Tout en Elle est spontanéité. Si Elle aime, si Elle travaille, si par un Acte unique Elle donne la vie et conserve toutes choses, Elle le f"
LDC.T33.E0041.P008,LDC.T33.E0041.P008,0,273,1,PRESERVED_INSIDE_RUN,"""Cela Me suffit et Je suis heureux de pouvoir lui dire : « Tu M'as aimé comme Je t'ai aimée. De plus, tu dois savoir que J'ai créé un univer"
LDC.T33.E0052.P008,LDC.T33.E0052.P008,0,623,2,PRESERVED_INSIDE_RUN,"""Or pour la créature qui vit dans Ma Volonté, il est impossible de ne pas posséder son Jésus. C'est pourquoi en Me recevant dans le Sacremen"
LDC.T33.E0003.P009,LDC.T33.E0003.P009,0,157,1,PRESERVED_INSIDE_RUN,"'Comment ne pas être touché ? Comment ne pas le payer en retour d’un Amour plus grand, plus fort, digne de notre magnificence, en l’entendan"
LDC.T33.E0031.P009,LDC.T33.E0031.P009,0,229,2,PRESERVED_INSIDE_RUN,"'Ainsi, chaque fois que tu penses à faire couler des petits actes dans Ma Volonté, ta prière, tes souffrances, ton « Je Vous aime », ton tra"
LDC.T33.E0003.P010,LDC.T33.E0003.P010,40,135,2,PRESERVED_INSIDE_RUN,"'. Mais dans notre « Je t’aime », Nous faisons couler la Vie et l’œuvre de notre Divine Volonté.'"
LDC.T33.E0016.P014,LDC.T33.E0016.P014,0,132,1,PRESERVED_INSIDE_RUN,"""Seule la volonté humaine, ayant été créée avec le grand don du libre arbitre afin de pouvoir nous dire librement qu'« elle Nous aime"""
LDC.T33.E0003.P015,LDC.T33.E0003.P015,0,195,2,PRESERVED_INSIDE_RUN,"""Sublime leçon, ce commencement de l'Amour, qui devait courir dans toute l'œuvre de la créature. La première leçon qu'elle reçut de notre Êt"
LDC.T33.E0003.P016,LDC.T33.E0003.P016,0,213,2,PRESERVED_INSIDE_RUN,'Il aimait répondre tendrement à son « Je t’aime ». Il lui donnait en même temps la première leçon de notre Divine Volonté qui lui communiqu
LDC.T33.E0003.P017,LDC.T33.E0003.P017,0,321,2,PRESERVED_INSIDE_RUN,"""À chaque «Je t’aime», notre Amour préparait des leçons toujours plus belles de notre Vouloir. Il en était ravi et Nous faisions nos délices"
LDC.T33.E0051.P028,LDC.T33.E0051.P028,0,167,2,PRESERVED_INSIDE_RUN,"'Et s’il n’en était pas ainsi, on ne pourrait pas dire : « Que votre Volonté soit faite sur la terre comme au Ciel ». Ce serait une façon de"
LDC.T34.E0014.P004,LDC.T34.E0014.P004,340,687,1,PRESERVED_INSIDE_RUN,"""Je T'aime ». Notre Puissance se reflète en elle pour la soutenir. Bref, notre Sagesse se reflète en elle et la dirige Notre Lumière se refl"
LDC.T34.E0044.P005,LDC.T34.E0044.P005,0,251,3,PRESERVED_INSIDE_RUN,"""Elles ne cessent de murmurer « Amour, Gloire, Adoration. » Si elles respirent, elles murmurent Amour. Si le sang circule dans leurs veines,"
LDC.T34.E0006.P010,LDC.T34.E0006.P010,0,384,3,PRESERVED_INSIDE_RUN,"'Lorsqu’elle tourne dans les actes de la Rédemption pour les faire siens, Je répète Ma Vie. Je répète Ma Conception, Ma Naissance durant laq"
LDC.T34.E0019.P010,LDC.T34.E0019.P010,98,231,1,PRESERVED_INSIDE_RUN,"""pour Moi et pour tous. Elle invita le soleil dans sa mer d'Amour. Et elle imprima sur chaque goutte de lumière son «Je t’aime, ô Fils"""
LDC.T34.E0019.P012,LDC.T34.E0019.P012,92,520,5,PRESERVED_INSIDE_RUN,""". Puis elle l'appela afin de Le caresser et qu'Il puisse ressentir avec chaque souffle le « Je t’aime, ô Fils, Je t’aime, ô Fils». Elle inv"
LDC.T34.E0006.P014,LDC.T34.E0006.P014,0,315,2,PRESERVED_INSIDE_RUN,"'Je trouve les cieux qui Me parlent, les soleils qui M’aiment, les vents qui gémissent d’amour pour Moi, bref, toutes les choses créées réun"
LDC.T34.E0034.P014,LDC.T34.E0034.P014,0,495,1,PRESERVED_INSIDE_RUN,"""Notre Puissance créatrice est toujours en acte. En s'identifiant à Nous comme si Nous renouvelions nos Œuvres, Nous lui en faisons le don e"
LDC.T34.E0037.P014,LDC.T34.E0037.P014,0,296,1,PRESERVED_INSIDE_RUN,"""Ce sont les prodiges que sait faire Mon FIAT Omnipotent, qui, là où IL règne, ne sait faire que des Œuvres, qui Lui ressemblent et qui génè"
LDC.T34.E0021.P016,LDC.T34.E0021.P016,0,359,4,PRESERVED_INSIDE_RUN,"""Telles sont les lois de la Vie dans Ma Volonté, « le tien » et « le mien » cessent des deux côtés, ils ne forment plus qu'un acte unique et"
LDC.T34.E0034.P016,LDC.T34.E0034.P016,0,262,1,PRESERVED_INSIDE_RUN,"""Dans notre enthousiasme d'Amour, Nous redisons : « Comme elle est belle ! Elle est à Nous, toute à Nous, et Nous sommes tout pour elle. Il "
LDC.T34.E0023.P025,LDC.T34.E0023.P025,0,158,1,PRESERVED_INSIDE_RUN,"""Mon Cœur ne cesse d'appeler et de répéter, « Mes enfants, mes enfants, venez à votre Mère, et aimez-moi comme une Mère puisque je vous aime"
LDC.T34.E0039.P032,LDC.T34.E0039.P032,0,121,1,PRESERVED_INSIDE_RUN,"""Et, toute Bonté, Je lui dis : ‘N’aie pas peur.’ « J'ai suppléé à tout pour toi et tu seras plus attentive, n'est-ce pas ?"""
LDC.T34.E0045.P033,LDC.T34.E0045.P033,0,196,1,PRESERVED_INSIDE_RUN,"'Par conséquent, Je murmure toujours à l’oreille du cœur : « Mon enfant, reviens dans Ma Volonté, retourne à ton Origine si tu veux Me resse"
LDC.T34.E0044.P035,LDC.T34.E0044.P035,0,107,1,PRESERVED_INSIDE_RUN,"""Notre Amour ne serait pas satisfait s'Il ne disait pas : « J'ai tout donné, Je n'ai plus rien à lui donner."""
LDC.T34.E0022.P040,LDC.T34.E0022.P040,0,155,2,PRESERVED_INSIDE_RUN,"'Triomphant, Il lui donne un nom nouveau. Il l’appelle « Mon Fiat ». Ce nom est le nom le plus beau, qui fera sourire tout le Ciel et trembl"
LDC.T35.E0002.P002,LDC.T35.E0002.P002,4,289,6,PRESERVED_INSIDE_RUN,"""Ma fille, « Je T'aime, Je T'aime. » Et toi, dis-Moi que tu M'aimes pour que Je puisse placer Mon grand « Je T'aime » sur ton petit « Je T'a"
LDC.T35.E0029.P003,LDC.T35.E0029.P003,4,547,2,PRESERVED_INSIDE_RUN,"'Fille de Ma Volonté, tu dois savoir que seul ton Jésus connaît les secrets de Mon Fiat. Parce que, comme Verbe du Père, Je Me glorifie en d"
LDC.T35.E0027.P004,LDC.T35.E0027.P004,0,180,2,PRESERVED_INSIDE_RUN,"""Or, veux-tu savoir qui peut donner cette fraîcheur à l'intensité et à la plénitude de notre amour ? Le « Je t'aime » de la créature et, plu"
LDC.T35.E0029.P004,LDC.T35.E0029.P004,0,400,1,PRESERVED_INSIDE_RUN,"'Lorsqu’Il créait le ciel, il t’appelait dans sa voûte azurée en disant : « Ma fille, viens voir le beau ciel que j’ai créé pour toi. Je l’a"
LDC.T35.E0027.P005,LDC.T35.E0027.P005,0,120,2,PRESERVED_INSIDE_RUN,"""Ce « Je t'aime », entrant dans nos flammes, les coupe, les soulage, les apaise et, tel le plus grand réconfort, il dit :"""
LDC.T35.E0032.P005,LDC.T35.E0032.P005,0,286,1,PRESERVED_INSIDE_RUN,"'Peut-être plus irrésistible que la violence elle-même. Il embaume la créature de sa douceur, en lui faisant sentir la beauté du divin. Si b"
LDC.T35.E0002.P006,LDC.T35.E0002.P006,0,99,3,PRESERVED_INSIDE_RUN,"""Ils attendent tous avec impatience le « Je T'aime » de Celui à qui ils destinaient leur « Je T'aime"""
LDC.T35.E0027.P006,LDC.T35.E0027.P006,0,214,4,PRESERVED_INSIDE_RUN,"""Ce « Je t'aime » chemine dans notre immensité et y forme sa petite place où s'installer. Ainsi, le « Je t'aime » de la créature est le supp"
LDC.T35.E0030.P006,LDC.T35.E0030.P006,0,389,1,PRESERVED_INSIDE_RUN,"'Parce que Mon amour, Mon doux emprisonnement, Me disait « Le dessein pour lequel tu es descendu du ciel sur la terre n’est pas accompli. Où"
LDC.T35.E0002.P007,LDC.T35.E0002.P007,0,142,2,PRESERVED_INSIDE_RUN,"""Ainsi, sur les ailes de Ma Volonté J’envoie à tous ton « Je T'aime » pour les payer en retour de l'amour qu'ils ont pour toi, uni à Mon Amo"
LDC.T35.E0029.P007,LDC.T35.E0029.P007,0,371,2,PRESERVED_INSIDE_RUN,"'Elle ne se contente pas de t’appeler des hauteurs de sa sphère mais t’appelant de plus en plus, elle veut aller jusqu’en bas pour te dire a"
LDC.T35.E0027.P008,LDC.T35.E0027.P008,0,429,2,PRESERVED_INSIDE_RUN,"""Le « Je t'aime » de la créature est si réconfortant que Nous donnerions n'importe quoi pour le recevoir. Tu vois, celle qui vit dans notre "
LDC.T35.E0011.P009,LDC.T35.E0011.P009,0,150,1,PRESERVED_INSIDE_RUN,"'Alors ses ordres Nous amusent, Nous rendent joyeux, au point de lui dire : « Prends, veux-tu autre chose ? Plus tu prends, plus tu Nous ren"
LDC.T35.E0014.P009,LDC.T35.E0014.P009,0,68,1,PRESERVED_INSIDE_RUN,'Si bien que personne ne peut dire « Je n’étais pas là dans cet Acte.'
LDC.T35.E0022.P009,LDC.T35.E0022.P009,0,450,2,PRESERVED_INSIDE_RUN,"'Ainsi, chaque « Je t’aime » possède la vie d’amour ; Chaque adoration possède la vie de divine Adoration ; Chaque vertu exercée possède cha"
LDC.T35.E0029.P009,LDC.T35.E0029.P009,0,116,1,PRESERVED_INSIDE_RUN,'Elle t’appelle dans la mer avec son murmure pour te dire : « Cette mer est à toi. Accepte-la comme un cadeau de Moi.'
LDC.T35.E0003.P010,LDC.T35.E0003.P010,0,72,1,PRESERVED_INSIDE_RUN,'Il nous dit : « Je suis votre Acte. Vous devez Me donner ce que Je veux.'
LDC.T35.E0014.P011,LDC.T35.E0014.P011,0,333,2,PRESERVED_INSIDE_RUN,'Ces actes sont comme des prétextes pour notre Amour et qui Nous disent : « La créature Nous a donné une place dans son acte. Elle Nous a la
LDC.T35.E0027.P011,LDC.T35.E0027.P011,0,479,1,PRESERVED_INSIDE_RUN,"""Aussi, dans sa fougue amoureuse IL lui dit : « Je suis si ravi que tu vives dans Mon Vouloir car tu es Ma joie et Ma félicité que Je Me sen"
LDC.T35.E0028.P011,LDC.T35.E0028.P011,0,438,1,PRESERVED_INSIDE_RUN,"'Et veux-tu savoir sur quoi portait Mon sermon ? Je leur ai dit : « Mes enfants, écoutez-Moi. Je vous aime beaucoup et Je veux vous faire co"
LDC.T35.E0027.P012,LDC.T35.E0027.P012,0,266,2,PRESERVED_INSIDE_RUN,"""Je veux tout faire Moi-même. Si en les prenant elle Me dit : « Je prends tout dans ta Volonté parce que Je t'aime. Je veux t'aimer et te gl"
LDC.T35.E0011.P013,LDC.T35.E0011.P013,0,166,1,PRESERVED_INSIDE_RUN,"""Et ravis, Nous disons : « Quel art d'Amour elle possède ! Elle se cache dans les actes des créatures pour ne pas être reconnue. Mais Nous l"
LDC.T35.E0021.P013,LDC.T35.E0021.P013,0,724,2,PRESERVED_INSIDE_RUN,"'Cette lumière déborde d’amour, d’adoration, de reconnaissance, de gratitude, de gloire et de bénédiction. Mais à qui tout cela appartient-i"
LDC.T35.E0024.P013,LDC.T35.E0024.P013,0,187,1,PRESERVED_INSIDE_RUN,"'Ma fille, ne sois pas surprise. Lorsque nous opérons, nos œuvres sont complètes si bien que personne ne puisse jamais dire : « Il n’a pas f"
LDC.T35.E0030.P013,LDC.T35.E0030.P013,0,586,1,PRESERVED_INSIDE_RUN,'Mais Je ne voulais pas rester captif tout seul. Mon amour s’est enflammé plus encore et t’a choisie pour être prisonnière avec des chaînes 
LDC.T35.E0011.P014,LDC.T35.E0011.P014,0,245,1,PRESERVED_INSIDE_RUN,"""Comme c'est Nous-mêmes qui aimons, Nous lui laissons faire tout ce qu'elle veut. » Nous appelons ces actes ‘nos Actes’. Nous les reconnaiss"
LDC.T35.E0002.P015,LDC.T35.E0002.P015,0,190,1,PRESERVED_INSIDE_RUN,"""Dans notre excès d'Amour, nous disons à cette créature : « Elle Nous aime et Nous devons l'aimer. Et en l’aimant, Nous lui témoignons des d"
LDC.T35.E0029.P015,LDC.T35.E0029.P015,0,389,2,PRESERVED_INSIDE_RUN,"'Où ne t’ai-Je pas appelée pour te donner tout ce que J’ai fait, pour épancher Mon amour, pour te faire sentir combien Je t’aimais, pour lai"
LDC.T35.E0033.P015,LDC.T35.E0033.P015,4,308,1,PRESERVED_INSIDE_RUN,"'Ma bonne fille, notre Fiat a manifesté notre amour opérant, puissant et sage dans la Création. De telle sorte que toutes les choses créées "
LDC.T35.E0041.P015,LDC.T35.E0041.P015,0,193,1,PRESERVED_INSIDE_RUN,"'Si cet acte ne commence pas dans notre Volonté, l’ordre, la sainteté et la beauté en seraient absents. Cet acte ne pourrait pas porter le s"
LDC.T35.E0009.P016,LDC.T35.E0009.P016,0,168,1,PRESERVED_INSIDE_RUN,'- et de pouvoir dire à ton Créateur : « Ton Amour pour Moi est toujours plus grand et toujours nouveau. Toujours plus grand et toujours nou
LDC.T35.E0024.P016,LDC.T35.E0024.P016,0,332,2,PRESERVED_INSIDE_RUN,"'De cette manière, chacun, les choses créées comme les créatures, peut dire : « Le soleil est à Moi. » Alors que le centre du soleil est dan"
LDC.T35.E0026.P016,LDC.T35.E0026.P016,0,408,1,PRESERVED_INSIDE_RUN,'Ils la mettent en harmonie avec eux-mêmes. Ils embaument son acte et souffle en lui leur Puissance créatrice pour en faire de grandes merve
LDC.T35.E0029.P016,LDC.T35.E0029.P016,0,77,1,PRESERVED_INSIDE_RUN,'Alors Je peux dire : « J’ai été entendu. Ma fille M’a reconnu et elle M’aime.'
LDC.T35.E0031.P016,LDC.T35.E0031.P016,0,336,1,PRESERVED_INSIDE_RUN,"'Mon Fiat revient voir ce qu’il a fait dans l’acte de la créature et Il en est enchanté, ravi de voir une vie nouvelle. Saisi d’une joie ind"
LDC.T35.E0025.P017,LDC.T35.E0025.P017,0,178,2,PRESERVED_INSIDE_RUN,"'(4) Ah ! Ma fille, tu ne comprends pas bien ce que signifie « Ne pas faire notre Volonté » : Ils nous enlèvent tous nos droits. Ils étouffe"
LDC.T35.E0026.P017,LDC.T35.E0026.P017,0,257,2,PRESERVED_INSIDE_RUN,"'Le ciel est inondé de joies et de bonheurs nouveaux. Du coup, tous en sont reconnaissants et l’appellent, tous ensemble « Notre bienvenue »"
LDC.T35.E0022.P018,LDC.T35.E0022.P018,0,306,4,PRESERVED_INSIDE_RUN,"'(7) Mais ce n’est pas tout, Ma fille. Je veux te dire une autre surprise. Pour la créature qui vit dans Ma Volonté, un « Je t’aime » n’atte"
LDC.T35.E0030.P019,LDC.T35.E0030.P019,4,883,2,PRESERVED_INSIDE_RUN,"'Ma fille, Ma pauvre fille, tu as subi le même sort que Moi ! Lorsque Mon Amour veut accorder un bien, il n’épargne rien ni sacrifices ni so"
LDC.T35.E0023.P020,LDC.T35.E0023.P020,4,216,2,PRESERVED_INSIDE_RUN,"'Ma fille, il n’est pas surprenant que chaque acte de la créature même un petit « Je t’aime » accompli dans Ma Volonté et possédant par natu"
LDC.T35.E0028.P020,LDC.T35.E0028.P020,0,703,1,PRESERVED_INSIDE_RUN,"'(3) Ma fille, à Mes paroles, certains enfants furent émus, restaient immobiles, d’autres étaient ravis, pleurèrent de joie. Certains se son"
LDC.T35.E0029.P020,LDC.T35.E0029.P020,0,278,1,PRESERVED_INSIDE_RUN,"""Mais, sais-tu de quoi il s'agit ? De notre Volonté. En lui donnant cela, elle reçoit le bien le plus grand. Aussi, en la submergeant de not"
LDC.T35.E0018.P021,LDC.T35.E0018.P021,4,294,1,PRESERVED_INSIDE_RUN,"'Ma bonne fille, notre Amour est tel que partout et en tout lieu même dans le plus petit brin d’herbe, dans l’air que respire la créature, d"
LDC.T35.E0022.P021,LDC.T35.E0022.P021,0,280,2,PRESERVED_INSIDE_RUN,"'Ces petites vies ne meurent jamais, elles sont éternelles avec nous. Les « Je t’aime », les actes dans Ma Volonté peuplent le ciel. Ces pet"
LDC.T35.E0044.P021,LDC.T35.E0044.P021,0,164,2,PRESERVED_INSIDE_RUN,'Nous voulons trouver le « Je Vous aime » de la créature dans nos œuvres afin qu’en l’armant de notre Puissance nous puissions mettre en lui
LDC.T35.E0018.P022,LDC.T35.E0018.P022,0,123,2,PRESERVED_INSIDE_RUN,"""Notre Amour est inconsolable tant qu'Il n'est pas entendu et qu'Il ne reçoit pas en retour le « Je T'aime » de la créature."""
LDC.T35.E0026.P022,LDC.T35.E0026.P022,0,277,1,PRESERVED_INSIDE_RUN,"""D'ailleurs, ce sont toujours les mêmes prétextes de notre amour qui, - voulant donner, trouve l'occasion de dire : « Elle m'a donné, Je lui"
LDC.T35.E0044.P022,LDC.T35.E0044.P022,0,235,2,PRESERVED_INSIDE_RUN,'Oh ! combien nous sommes heureux de trouver son petit « Je Vous aime » comme une étagère où disposer nos œuvres. Il est douloureux pour Nou
LDC.T35.E0037.P023,LDC.T35.E0037.P023,0,124,1,PRESERVED_INSIDE_RUN,"'Aussi, Nous pouvons dire : « C’est Nous qui avons formé tant de Vies de Nous-mêmes et qui les avons semées dans la créature.'"
LDC.T35.E0018.P024,LDC.T35.E0018.P024,2,188,2,PRESERVED_INSIDE_RUN,"'Ah ! Personne ne Nous écoute, personne ne répète : “Je T’aime” pour Nous. À quoi bon dire « Je T’aime » si personne ne Nous le rend ? À qui"
LDC.T35.E0029.P024,LDC.T35.E0029.P024,5,279,1,PRESERVED_INSIDE_RUN,"'À toi le mérite et à Moi le gain de recevoir toute la gloire de Ma Volonté Divine. Chaque fois que Je te La donne, Ma Gloire divine, que Je"
LDC.T35.E0030.P024,LDC.T35.E0030.P024,4,303,5,PRESERVED_INSIDE_RUN,"'Fille de Ma Volonté, comme l’a dit ton Jésus, en descendant du Ciel sur la terre : « Je M’en vais et Je reste ». Lorsqu’il est monté au Cie"
LDC.T35.E0018.P025,LDC.T35.E0018.P025,0,262,4,PRESERVED_INSIDE_RUN,"""Notre « Je T’aime » ne sait pas où aller, ni où s’appuyer, s’il ne trouve pas le « Je t’aime » de la créature qui le reçoit pour l'échanger"
LDC.T35.E0008.P026,LDC.T35.E0008.P026,0,226,3,PRESERVED_INSIDE_RUN,"""C'est un immense stratagème de notre Amour que seul un Dieu peut accomplir. Au lieu de dire à la créature « Tu dois Nous imiter. Tu dois fa"
LDC.T35.E0018.P026,LDC.T35.E0018.P026,0,131,2,PRESERVED_INSIDE_RUN,"'Lorsque la créature entend notre « Je t’aime » et Nous le renvoie, dans notre excès d’Amour et apaisés par son amour, Nous disons :'"
LDC.T35.E0030.P026,LDC.T35.E0030.P026,0,364,2,PRESERVED_INSIDE_RUN,"'Par conséquent, en toute vérité, elle peut dire : « Je M’en vais et Je reste. » Je M’en vais au ciel pour le béatifier, pour atteindre Ma P"
LDC.T35.E0006.P027,LDC.T35.E0006.P027,0,404,2,PRESERVED_INSIDE_RUN,"""Tu dois savoir que lorsque Nous aimons sans trouver quelqu'un qui Nous aime, notre Amour ne sait où se tourner pour être aimé en retour. Il"
LDC.T35.E0016.P027,LDC.T35.E0016.P027,0,292,1,PRESERVED_INSIDE_RUN,"'Dans notre excès d’Amour, Nous la regardons. Et Nous trouvons le Ciel et l’Amour que Nous ressentions en étendant sa voûte azurée. Puis Nou"
LDC.T35.E0018.P027,LDC.T35.E0018.P027,2,186,2,PRESERVED_INSIDE_RUN,"'Finalement, on Nous écoute. Notre amour a trouvé où aller, un lieu de refuge. Nous avons été reconnus. Nous avons trouvé quelqu’un qui dit "
LDC.T35.E0016.P028,LDC.T35.E0016.P028,0,137,2,PRESERVED_INSIDE_RUN,"'Ces voix des « Je t’aime » forment la plus belle des musiques célestes. Ce doux son Nous enivre. Et dans notre ivresse, Nous lui disons :'"
LDC.T35.E0018.P028,LDC.T35.E0018.P028,0,555,2,PRESERVED_INSIDE_RUN,"'Mais lorsque Nous ne pouvons pas trouver quelqu’un qui dit « Je t’aime », alors Nous ne trouvons personne qui Nous reconnaisse, qui Nous éc"
LDC.T35.E0043.P028,LDC.T35.E0043.P028,0,158,4,PRESERVED_INSIDE_RUN,"'Même les plus petits « Je Vous aime », « Je vous adore, Je vous bénis » de la créature qui vit dans notre sainte Volonté ont le droit d’êtr"
LDC.T35.E0002.P029,LDC.T35.E0002.P029,0,76,1,PRESERVED_INSIDE_RUN,"""Ce sera l'accomplissement de l'Œuvre de la Création, notre « consummatum est"""
LDC.T35.E0043.P029,LDC.T35.E0043.P029,0,176,3,PRESERVED_INSIDE_RUN,'Même les Saints et les Anges se sentent honorés de faire place en eux au plus petit « Je Vous aime » de cette créature fortunée. Et ils nou
LDC.T35.E0016.P030,LDC.T35.E0016.P030,0,117,1,PRESERVED_INSIDE_RUN,"'Car il manquait une créature qui, unie à notre Volonté, faisait dire à nos Œuvres : « Je t’aime, Je t’aime, Je t’aime'"
LDC.T35.E0043.P030,LDC.T35.E0043.P030,0,155,2,PRESERVED_INSIDE_RUN,'Quelle ne sera pas sa joie lorsqu’elle viendra dans la Patrie céleste et qu’elle verra son « Je vous aime » dans tous les Bienheureux qui a
LDC.T35.E0008.P031,LDC.T35.E0008.P031,0,222,1,PRESERVED_INSIDE_RUN,"""(5) Écoute maintenant une autre surprise d'amour qui est presque incroyable. Lorsque la créature Nous a donné la liberté de l'imiter, de No"
LDC.T35.E0004.P033,LDC.T35.E0004.P033,0,104,1,PRESERVED_INSIDE_RUN,"'Dans notre Volonté, la créature peut dire : « Tout est à Moi, Dieu Lui-même ainsi que la Volonté Divine.'"
LDC.T35.E0018.P033,LDC.T35.E0018.P033,0,297,6,PRESERVED_INSIDE_RUN,"""Celle-ci la dote de son ouïe et de sa parole divine. Ainsi elle entend quand son Créateur lui dit : « Je T’aime. » Et elle répond à son tou"
LDC.T35.E0004.P037,LDC.T35.E0004.P037,0,198,6,PRESERVED_INSIDE_RUN,"""Pouvoir dire : « Tout ce qui est à Nous est à toi » constitue notre plus grand Bonheur. La désunion n'apporte jamais aucun bien : le « tien"
LDC.T35.E0004.P038,LDC.T35.E0004.P038,0,111,4,PRESERVED_INSIDE_RUN,"""Dans notre Volonté, la désunion n'existe pas, ni le « tien » et le « mien ». Car tout est en parfaite harmonie."""
LDC.T35.E0015.P038,LDC.T35.E0015.P038,0,94,1,PRESERVED_INSIDE_RUN,"'Regarde, Ma fille, comme il est écrit en tout ce qu’elle a fait et souffert « Pour Mes enfants'"
LDC.T35.E0002.P040,LDC.T35.E0002.P040,0,274,1,PRESERVED_INSIDE_RUN,'(6) « Hâte-toi ! Je ne peux plus contenir Mon Amour. Je veux voir Mes enfants vivre avec Moi dans cette Divine Volonté qui forme toute Ma G
LDC.T35.E0007.P040,LDC.T35.E0007.P040,0,199,1,PRESERVED_INSIDE_RUN,"'Les anges et les saints, qui le savent, languissent après ton appel pour obtenir ce grand Bien. Et lorsque tu ne les appelles pas, tout inq"
LDC.T35.E0040.P046,LDC.T35.E0040.P046,0,232,1,PRESERVED_INSIDE_RUN,"'C’est pour la créature comme si elle était enfermée dans une chambre et que quelqu’un lui dise : « Derrière cette porte, il y a une autre c"
LDC.T35.E0016.P051,LDC.T35.E0016.P051,0,209,2,PRESERVED_INSIDE_RUN,"'Et la créature, à travers elles, devait aimer leur Créateur. Tu dois savoir que chacun de tes « Je t’aime », que tu caches dans le soleil, "
LDC.T35.E0016.P052,LDC.T35.E0016.P052,0,404,2,PRESERVED_INSIDE_RUN,"'Nous les aimons, Nous les embrassons, Nous les étreignons et ils font notre délice. Nous Nous sentons glorifiés et payés de retour pour tou"
LDC.T35.E0016.P054,LDC.T35.E0016.P054,0,217,4,PRESERVED_INSIDE_RUN,"'Si ces « Je t’aime » ne peuvent être vus que par Nous-mêmes, c’est parce que notre Volonté, Immense également dans la Création, éclipse par"
LDC.T35.E0016.P065,LDC.T35.E0016.P065,0,414,2,PRESERVED_INSIDE_RUN,"'Au contraire, dans la Rédemption : souffrances, amertume, pleurs, remèdes pour restaurer l’homme… Mais la créature, en entrant dans notre V"
LDC.T35.E0016.P066,LDC.T35.E0016.P066,0,145,2,PRESERVED_INSIDE_RUN,"'Mais dans les joyaux de ses « Je t’aime » Je trouverai aussi, celle qui sèche Mes Larmes, celle qui partage Mes Souffrances, celle qui Me d"
LDC.T36.E0007.P004,LDC.T36.E0007.P004,0,157,1,PRESERVED_INSIDE_RUN,"'Pour que celles-ci puissent avoir cours en tant que notre monnaie, Je les frappe de Mon Image et J’écris autour : « Jésus, Roi du Règne de "
LDC.T36.E0046.P004,LDC.T36.E0046.P004,0,388,1,PRESERVED_INSIDE_RUN,'Tu te sens loin de Moi qui vis en toi et t’aime tant. Tu dois savoir que lorsque la créature entre dans notre Vouloir pour y déposer sa vol
LDC.T36.E0003.P005,LDC.T36.E0003.P005,0,345,7,PRESERVED_INSIDE_RUN,"'Ces plaies, comme autant de bouches, brûlaient et ressentaient une soif ardente qui voulait se satisfaire, et incapable de Me contenir, Je "
LDC.T36.E0007.P005,LDC.T36.E0007.P005,0,88,1,PRESERVED_INSIDE_RUN,"""Or, cette monnaie d'Amour donne le droit à la créature de pouvoir Me dire « Je T'ai aimé"""
LDC.T36.E0019.P005,LDC.T36.E0019.P005,0,389,1,PRESERVED_INSIDE_RUN,'Et cela pour que Nous puissions dire des deux côtés : Ce qui est à Moi est à toi. L’Amour vrai n’est satisfait que lorsqu’Il peut dire : « 
LDC.T36.E0003.P006,LDC.T36.E0003.P006,0,213,1,PRESERVED_INSIDE_RUN,"'Ah ! donne-Moi une petite goutte de ton amour pour calmer un peu Ma soif ardente. En tout ce que fait la créature, Je lui répète toujours l"
LDC.T36.E0011.P006,LDC.T36.E0011.P006,0,234,1,PRESERVED_INSIDE_RUN,"'À mesure que la créature répète ses actes, l’un devient une étoile, un autre un soleil, un autre un vent qui gémit et souffle de l’Amour, u"
LDC.T36.E0003.P007,LDC.T36.E0003.P007,0,82,1,PRESERVED_INSIDE_RUN,'De même que Mon Humanité disloquée et blessée n’avait qu’un seul cri : « J’ai soif'
LDC.T36.E0010.P007,LDC.T36.E0010.P007,0,77,2,PRESERVED_INSIDE_RUN,'Je peux dire que Ma Volonté met le « Ça suffit » sur les maux de la créature.'
LDC.T36.E0011.P008,LDC.T36.E0011.P008,0,257,4,PRESERVED_INSIDE_RUN,"'De plus, un acte seul n’a jamais formé de sainteté. Lorsque les actes ne sont pas continuels, ils ne possèdent ni la force ni la vie de l’a"
LDC.T36.E0019.P008,LDC.T36.E0019.P008,0,84,1,PRESERVED_INSIDE_RUN,"'Aussi, aimons-Nous d’un même Amour et disons ensemble : « Ce que tu veux, Je le veux'"
LDC.T36.E0023.P008,LDC.T36.E0023.P008,0,162,1,PRESERVED_INSIDE_RUN,'Je donne la vertu de bilocation à sa propre vie humaine au point de pouvoir dire : « La créature M’a donné autant de vies que Je lui ai don
LDC.T36.E0026.P009,LDC.T36.E0026.P009,0,223,2,PRESERVED_INSIDE_RUN,"'De plus, qu’est-ce que cette Hostie Me donne ? Rien ! Pas même un « Je t’aime », ni souffle, ni battement de cœur ni compagnie. Je reste se"
LDC.T36.E0044.P009,LDC.T36.E0044.P009,0,198,2,PRESERVED_INSIDE_RUN,"'Sais-tu alors ce qui se passe ? Nous voyons la lumière du soleil, tous ses effets, tous les lieux où pénètre sa lumière, ornés par le « Je "
LDC.T36.E0014.P011,LDC.T36.E0014.P011,0,125,1,PRESERVED_INSIDE_RUN,"'Lorsque l’âme y a vécu quelque temps, la trouvant fidèle, Je vais vers elle et Je lui dis : « Donne-Moi ce que Je t’ai donné.'"
LDC.T36.E0003.P012,LDC.T36.E0003.P012,0,55,2,PRESERVED_INSIDE_RUN,"'Ce cri : « J’ai soif », Je l’ai laissé dans Ma Volonté.'"
LDC.T36.E0020.P014,LDC.T36.E0020.P014,0,213,2,PRESERVED_INSIDE_RUN,"'Nous trouvons dans la créature : l’amour qui nous blesse, l’amour qui nous adoucit, l’amour qui dit toujours « Amour ». C’est pourquoi Nous"
LDC.T36.E0018.P015,LDC.T36.E0018.P015,0,119,1,PRESERVED_INSIDE_RUN,"'Je peux dire : « Qu’aurais-Je pu faire que Je n’aie pas fait ? Aurais-Je pu t’aimer davantage, et Je ne l’ai pas fait ?'"
LDC.T36.E0019.P015,LDC.T36.E0019.P015,0,158,1,PRESERVED_INSIDE_RUN,"'(5) Ma Volonté opérante doit faire des prodiges, dans la créature comme en Nous-mêmes, au point de pouvoir dire : « Je suis un Acte divin, "
LDC.T36.E0028.P015,LDC.T36.E0028.P015,0,272,1,PRESERVED_INSIDE_RUN,"'De plus, notre Amour et notre Jalousie sont si grands que Nous ne laissons pas même un seul de ses souffles sans notre clou de Lumière et d"
LDC.T36.E0002.P016,LDC.T36.E0002.P016,0,165,2,PRESERVED_INSIDE_RUN,"'Et chacun reprend en chœur : « Ah ! C’est une âme qui vit dans la Divine Volonté sur la terre ! » Quelles merveilles, quels prodiges, quell"
LDC.T36.E0003.P016,LDC.T36.E0003.P016,0,153,2,PRESERVED_INSIDE_RUN,"'Ce n’est pas seulement Mon « J’ai soif », mais tout ce que J’ai fait et dit dans Ma Volonté qui est toujours dans l’acte de dire à Ma doulo"
LDC.T36.E0011.P017,LDC.T36.E0011.P017,0,216,1,PRESERVED_INSIDE_RUN,"'(5) Mon désir est si grand que l’âme vive dans Mon Vouloir, Mon impatience et Mes soupirs si ardents, que Je vais répétant à l’oreille de s"
LDC.T36.E0018.P017,LDC.T36.E0018.P017,0,117,1,PRESERVED_INSIDE_RUN,"'J’enferme tout dans cet Acte afin de pouvoir dire : « C’est notre acte, un Acte complet. Il ne doit rien lui manquer.'"
LDC.T36.E0039.P017,LDC.T36.E0039.P017,0,238,2,PRESERVED_INSIDE_RUN,'Il la porte dans nos bras et nous fait dire continuellement : « Nous te faisons à notre Image et à notre Ressemblance. » Et notre Amour nou
LDC.T36.E0020.P018,LDC.T36.E0020.P018,0,175,2,PRESERVED_INSIDE_RUN,"'Il voit ses vagues et son souffle investis par ton « Je t’aime » ! Et lorsque nous entendons tes souffles d’amour, Nous soufflons sur toi d"
LDC.T36.E0020.P019,LDC.T36.E0020.P019,0,171,2,PRESERVED_INSIDE_RUN,"'L’air que chacun respire t’attend afin d’être animé par ta voix. Et dans chaque souffle que les choses créées reçoivent, elles reçoivent le"
LDC.T36.E0036.P019,LDC.T36.E0036.P019,0,177,1,PRESERVED_INSIDE_RUN,"'Et pour la satisfaire, Nous lui disons : « Pauvre enfant, tu as raison. Tu es à Nous et tu fais également partie des autres. Tu ressens en "
LDC.T36.E0020.P020,LDC.T36.E0020.P020,0,205,4,PRESERVED_INSIDE_RUN,"'Et dans chaque souffle que les choses créées émettent, ton « Je t’aime » court pour Nous apporter dans le sein de ton « Je t’aime » : Toute"
LDC.T36.E0007.P021,LDC.T36.E0007.P021,0,239,2,PRESERVED_INSIDE_RUN,'J’appelle le ciel tout entier et la sacro-sainte Trinité à fêter la nouvelle fille que J’ai acquise. Tout le monde la reconnaît parce que J
LDC.T36.E0001.P022,LDC.T36.E0001.P022,0,122,2,PRESERVED_INSIDE_RUN,"'Même dans le petit oiseau qui chante et gazouille, nous entendons le « Je vous aime » de celle qui vit dans notre Vouloir.'"
LDC.T36.E0007.P022,LDC.T36.E0007.P022,0,217,2,PRESERVED_INSIDE_RUN,"'Dans Mon Vouloir, elle est toujours avec Moi. Tout ce que Je fais, elle le fait. Par conséquent, dans Mes renaissances continuelles, elle r"
LDC.T36.E0001.P023,LDC.T36.E0001.P023,0,249,3,PRESERVED_INSIDE_RUN,"'Si dans le transport de son amour, l’âme veut Nous aimer encore plus, elle entre dans notre acte créateur et elle prend plaisir à créer des"
LDC.T36.E0007.P023,LDC.T36.E0007.P023,0,150,2,PRESERVED_INSIDE_RUN,"'Bref, si Je souffre, si Je travaille, si Je marche, J’écris : « La fille de Mes souffrances, de Mes œuvres, la fille de Mes pas. » Je l’écr"
LDC.T36.E0046.P023,LDC.T36.E0046.P023,0,434,2,PRESERVED_INSIDE_RUN,"'Ma bonne fille, le manque d’amour de la créature Me fait pleurer amèrement. Lorsque Je vois que Je ne suis pas aimé, Je Me sens blessé. Cel"
LDC.T36.E0005.P024,LDC.T36.E0005.P024,0,284,4,PRESERVED_INSIDE_RUN,"'On peut dire que chaque fleur et chaque plante apporte le baiser, le « Je t’aime » de son Créateur à celle qui les regarde et les prend. No"
LDC.T36.E0044.P024,LDC.T36.E0044.P024,123,303,1,PRESERVED_INSIDE_RUN,"'Nous voyons alors la créature grandir à notre Image et à notre Ressemblance. Et ce sont là nos vraies Joies dans la Création, être capable "
LDC.T36.E0030.P025,LDC.T36.E0030.P025,0,185,3,PRESERVED_INSIDE_RUN,"'Écoute combien il est beau de vivre dans Mon Vouloir. Ce que Je fais, l’âme le fait elle aussi. Lorsqu’elle entend que Je lui dis « Je t’ai"
LDC.T36.E0018.P026,LDC.T36.E0018.P026,0,200,1,PRESERVED_INSIDE_RUN,"'Cette Prière s’impose sur nos Attributs divins et fait tomber des pluies de Miséricorde, de Grâces, de Pardon et d’Amour. Il suffit de dire"
LDC.T36.E0030.P026,LDC.T36.E0030.P026,0,173,1,PRESERVED_INSIDE_RUN,"'Et Moi, en entendant que Je suis aimé, Je la transforme tellement en Moi que nous disons d’une seule voix : « Aimons-les tous, faisons du b"
LDC.T36.E0039.P026,LDC.T36.E0039.P026,0,174,1,PRESERVED_INSIDE_RUN,'Parce qu’elle a reçu de nous la Vertu génératrice de pouvoir générer autant de vies qu’elle veut afin de pouvoir Nous dire : « Vous M’avez 
LDC.T36.E0023.P027,LDC.T36.E0023.P027,0,197,5,PRESERVED_INSIDE_RUN,"'Cette créature forme l’enchantement du Ciel tout entier. Et Nous l’appelons notre « bienvenue », la « porteuse » de toutes nos œuvres, « l’"
LDC.T36.E0041.P029,LDC.T36.E0041.P029,0,762,2,PRESERVED_INSIDE_RUN,'Et cette âme en arrive au point de se faire porteuse de notre Être suprême. Parce que Nous ne sortons jamais hors de notre Vouloir. Et quic
LDC.T36.E0027.P030,LDC.T36.E0027.P030,0,246,1,PRESERVED_INSIDE_RUN,"'Lorsque la créature est dans Mon Vouloir, Ma Volonté la trouve dans les pas de tous ceux qui M’aiment, dans leurs pensées et dans leurs par"
LDC.T36.E0027.P031,LDC.T36.E0027.P031,0,91,5,PRESERVED_INSIDE_RUN,"'C’est pourquoi Je t’appelle « Mon écho », « Mon amour », « la petite répétitrice de Ma Vie.'"
LDC.T36.E0039.P031,LDC.T36.E0039.P031,0,203,4,PRESERVED_INSIDE_RUN,"'Un seul « Je t’aime » par cette créature laisse derrière lui tout l’amour de toutes les autres créatures réunies. Ce « Je t’aime », si peti"
LDC.T36.E0022.P032,LDC.T36.E0022.P032,0,355,1,PRESERVED_INSIDE_RUN,"'Ainsi, dans chaque chose créée, dans le ciel constellé, dans la mer, dans les plantes, dans les fleurs, en toutes choses, Je Me retrouvais "
LDC.T36.E0032.P032,LDC.T36.E0032.P032,0,144,1,PRESERVED_INSIDE_RUN,'Si tu savais quelle compassion Je peux ressentir pour l’âme qui vit sans Ma Volonté. Je pourrais l’appeler « la scène douloureuse de la Cré
LDC.T36.E0043.P032,LDC.T36.E0043.P032,0,336,2,PRESERVED_INSIDE_RUN,"'Nous pouvons dire : « Nous vivons dans l’homme et Nous le portons, Nous Nous faisons porter par lui, et il n’est rien qu’il puisse faire sa"
LDC.T36.E0019.P034,LDC.T36.E0019.P034,0,238,1,PRESERVED_INSIDE_RUN,"'Par conséquent, en regardant cette créature, dans le délire de notre Amour, Nous lui disons : « Notre Vouloir te rend toujours plus belle e"
LDC.T36.E0017.P035,LDC.T36.E0017.P035,0,221,1,PRESERVED_INSIDE_RUN,'Nous appelons Nous-mêmes bienheureuse cette créature et Nous lui disons : « Tu es la plus heureuse et la plus fortunée des créatures parce 
LDC.T36.E0036.P037,LDC.T36.E0036.P037,0,383,1,PRESERVED_INSIDE_RUN,"'Ainsi, il y a des droits que Nous exigeons pour que la créature vive dans notre Volonté : des droits de Création, de Rédemption, des droits"
LDC.T36.E0040.P039,LDC.T36.E0040.P039,0,678,2,PRESERVED_INSIDE_RUN,"'Les Bienheureux n’ont rien à ajouter. Leur vie, leurs actes et leur volonté sont restés fixés en Nous. Et ils peuvent dire : « Notre jour e"
LDC.T36.E0014.P040,LDC.T36.E0014.P040,0,416,1,PRESERVED_INSIDE_RUN,"'Nous trouvons notre Puissance qui Nous honore comme Nous le méritons, notre Immensité qui renferme toute chose et met tout à notre disposit"
LDC.T36.E0018.P040,LDC.T36.E0018.P040,0,176,2,PRESERVED_INSIDE_RUN,"'Si Nous leur donnions, ce serait comme dit l’Évangile : « Ne donnez pas des perles aux pourceaux. » Ne les connaissant pas, ils les recouvr"
LDC.T36.E0023.P040,LDC.T36.E0023.P040,0,308,2,PRESERVED_INSIDE_RUN,"'Et avec ses actes d’amour répétés, c’est comme si Nous étions bombardés par des étoiles faisant pleuvoir sur Nous : « Amour, Amour, Amour. "
LDC.T36.E0024.P044,LDC.T36.E0024.P044,0,94,2,PRESERVED_INSIDE_RUN,"'Dans l’air qu’elles respirent, Je leur envoie Mon distinct « Je vous aime » en chaque souffle.'"
LDC.T36.E0029.P044,LDC.T36.E0029.P044,0,278,1,PRESERVED_INSIDE_RUN,'Tu nous donnes l’occasion et la gloire comme si Nous répétions de nouveau tout ce que Nous avons fait par Amour pour les créatures. » Notre
LDC.T36.E0037.P044,LDC.T36.E0037.P044,0,159,1,PRESERVED_INSIDE_RUN,"'Ces Actes ont le pouvoir de s’identifier avec tous et de prendre partout leur place d’honneur. Là où est Ma Volonté, ils peuvent dire : « C"
LDC.T36.E0046.P047,LDC.T36.E0046.P047,2,424,1,PRESERVED_INSIDE_RUN,"'Ma Mère, Je veux que tu sois la Mère de tous, et Je veux que tu fasses pour toutes les créatures ce que tu as fait pour Moi. Étends ta mate"
LDC.T36.E0008.P048,LDC.T36.E0008.P048,0,319,2,PRESERVED_INSIDE_RUN,"'De plus, dans Ma Volonté, rien n’est perdu. Pour qui vit dans Ma Volonté, Celle-ci tient compte de tout : les respirations, les battements "
LDC.T36.E0037.P049,LDC.T36.E0037.P049,0,108,1,PRESERVED_INSIDE_RUN,'Et elle peut dire : « J’ai formé Moi-même un paradis pour Moi-même parce que le divin Fiat a opéré avec Moi.'
LDC.T36.E0027.P061,LDC.T36.E0027.P061,0,195,1,PRESERVED_INSIDE_RUN,'Nous pouvons dire : « Il a changé notre sort et le sien. Il a renversé notre dessein sur lui. Il ne fait qu’apporter de la souffrance à not
