stable_ref,paragraph_id,speaker,run_start,run_end,source_segments_merged,presentation,run_text
LDC.T01.SEC113.005.P002,ldc_t01_sec113_5_p002,JESUS,0,136,2,block,"""Écoute bien : «J'étais parfaitement heureux dans le Sein de Mon Père. Il n'y avait aucun bien que Je ne possédais : Joi"
LDC.T01.SEC113.005.R02.P007,ldc_t01_sec113_5_r02_p007,JESUS,0,140,2,block,"'Je leur dis : «Mes enfants, donnez-Moi vos cœurs, qui sont Miens. En échange, Je vous donnerai tout ce que vous voudrez"
LDC.T01.SEC011.P010,ldc_t01_sec011_p010,JESUS,0,241,2,block,"'Fais comme si, de Ma bouche, tu entendais ceci : «Ma fille, Je veux que tu souffres un peu. Par ces souffrances, Je te "
LDC.T01.SEC113.005.R02.P010,ldc_t01_sec113_5_r02_p010,JESUS,0,132,2,block,"""Oh ! ne trompez pas Mes espérances !» En voyant les créatures résister à Mon Amour et s'éloigner de Moi, J'ai essayé de"
LDC.T05.1903-06-06.E001.P003,ldc_t05_1903_06_06_e001_p003,JESUS,1,198,2,inline,"'Ma fille, tout ce que tu souffres dans tes bras, tes jambes et ton cœur, unis-le à Mes propres souffrances dans les pla"
LDC.T05.1903-06-06.E001.P004,ldc_t05_1903_06_06_e001_p004,JESUS,0,284,3,block,'Et offre-toi à la Justice divine en réparation des mauvaises actions et des mauvais désirs des créatures en t\'unissant
LDC.T05.1903-06-15.E001.P004,ldc_t05_1903_06_15_e001_p004,JESUS,0,153,2,block,"'Si, au contraire, la personne se sert de ses sens pour Me glorifier, Je peux lui dire : ""Tu es Mes Yeux, Mes Oreilles, "
LDC.T05.1903-06-16.E001.P011,ldc_t05_1903_06_16_e001_p011,JESUS,0,230,5,block,"'Si, au contraire, l\'âme dit ""oui"" à un moment et ""non"" à un autre ; si elle cherche un but particulier cette fois et u"
LDC.T06.1903-12-10.E001.P005,ldc_t06_1903_12_10_e001_p005,JESUS,0,169,3,block,"""C'est la réalisation de : «Dieu est toujours ancien et toujours nouveau.» Ils ne se sentent jamais fatigués parce qu'il"
LDC.T08.1908-12-27.E001.P004,ldc_t08_1908_12_27_e001_p004,JESUS,67,124,2,inline,"""et que Je lui répondais : «Je t'aime, Je t'aime, ô Maman."""
LDC.T08.1908-12-27.E001.P007,ldc_t08_1908_12_27_e001_p007,JESUS,215,244,2,inline,"""Je lui dis aussi : «Je t'aime"""
LDC.T08.1908-12-27.E001.P010,ldc_t08_1908_12_27_e001_p010,JESUS,0,91,2,block,"""Cela est suffisant pour qu'un Dieu les honore en leur répondant : «Je vous aime Moi aussi !"""
LDC.T09.1910-07-04.E001.P008,ldc_t09_1910_07_04_e001_p008,JESUS,0,149,4,block,"""Si J'ai alors crié «Sitio !» («J'ai soif !»), il s'agissait de la soif extrême que Je ressentais que tous exhalent leur"
LDC.T09.1910-07-04.E001.P009,ldc_t09_1910_07_04_e001_p009,JESUS,0,101,2,block,"""En voyant que plusieurs allaient passer outre à ce désir, dans un profond chagrin, J'ai crié «Sitio !"""
LDC.T09.1910-07-04.E001.P010,ldc_t09_1910_07_04_e001_p010,JESUS,0,110,3,block,'Ce «Sitio !» continue encore à se faire entendre à tous et à chacun comme une cloche à la porte de leur cœur :'
LDC.T10.1911-11-02.E001.P003,ldc_t10_1911_11_02_e001_p003,JESUS,16,245,2,block,"""Mais, Ma fille, tu veux toujours savoir la raison. Je te le dis, les choses seront graves, très, très graves. Voilà la "
LDC.T10.1912-01-05.E001.P007,ldc_t10_1912_01_05_e001_p007,JESUS,0,169,3,block,"'Et si tu voulais en faire la demande, Je te répondrais franchement : “Je ne te connais pas. Où sont les documents qui i"
LDC.T11.1915-09-20.E001.P001,ldc_t11_1915_09_20_e001_p001,JESUS,319,534,2,block,"""Ma fille, les châtiments conduiront à la résurrection. Mais ils seront si nombreux que tous seront plongés dans le deui"
LDC.T11.1912-07-19.E001.P002,ldc_t11_1912_07_19_e001_p002,JESUS,1,276,2,inline,'Ma fille M\'envoie son rafraîchissement aussi à travers d\'autres. Parce que si elle n\'avait pas été attentive à M\'éc
LDC.T12.1920-05-01.E001.P002,ldc_t12_1920_05_01_e001_p002,JESUS,31,252,4,block,"'Ma fille, pour l\'âme qui vit dans Ma Volonté, la sainteté n\'a qu\'un seul but : un continuel ""Gloire au Père"" suivi d"
LDC.T12.1921-03-02.E001.P002,ldc_t12_1921_03_02_e001_p002,JESUS,1,218,3,inline,"'Ma fille, le troisième Fiat, le ""que Ta Volonté soit faite sur la terre comme au Ciel"", sera comme l\'arc-en-ciel appar"
LDC.T12.1918-04-08.E001.P003,ldc_t12_1918_04_08_e001_p003,JESUS,70,136,2,block,'Viens un moment dans Ma Volonté et tu verras la grande différence.'
LDC.T12.1918-07-12.E001.P003,ldc_t12_1918_07_12_e001_p003,JESUS,0,251,3,block,"'Cette âme a fait les ""Heures de Ma Passion"". Et Je la recevrai comme une fille de Ma Passion, revêtue de Mon Sang et or"
LDC.T12.1919-02-24.E001.P003,ldc_t12_1919_02_24_e001_p003,JESUS,0,325,3,block,"'Dans l\'excès de son Amour, Il se plaça Lui-même au centre de l\'homme. Cependant, Il voulait y trouver une habitation "
LDC.T12.1919-03-06.E001.P003,ldc_t12_1919_03_06_e001_p003,JESUS,0,185,3,block,"'Ce qui peut te paraître difficile est facile pour Moi. Néanmoins, il Me faut le ""oui"" de la créature et il faut qu\'ell"
LDC.T12.1920-01-24.E001.P003,ldc_t12_1920_01_24_e001_p003,JESUS,0,188,2,block,"'Quand J\'ai créé l\'homme, J\'ai dit : ""Il n\'est pas bon que l\'homme soit seul, créons une autre créature semblable à"
LDC.T12.1920-05-01.E001.P003,ldc_t12_1920_05_01_e001_p003,JESUS,0,230,4,block,"'Il n\'y a rien par lequel cette âme ne rende pas Gloire à Dieu. Sa Sainteté n\'est pas sujette à des reculs, mais Elle "
LDC.T12.1920-12-22.E001.P003,ldc_t12_1920_12_22_e001_p003,JESUS,1,80,3,inline,"'Ma fille, les simples mots "" Volonté Divine "" désignent la Puissance Créatrice.'"
LDC.T12.1921-01-10.E001.P003,ldc_t12_1921_01_10_e001_p003,JESUS,0,73,3,block,"'- de prononcer ton ""Fiat"" dans Ma Volonté. Et c\'est ainsi que tu as fait.'"
LDC.T12.1917-03-18.E001.P004,ldc_t12_1917_03_18_e001_p004,JESUS,0,301,2,block,"'Ainsi, chacune de leurs pensées se reflétait dans Mon Esprit, chacun de leurs mots dans Ma Voix, chacun de leurs battem"
LDC.T12.1918-01-31.E001.P004,ldc_t12_1918_01_31_e001_p004,JESUS,0,134,4,block,"'Fonds-les de telle manière que tu puisses dire : ""ce qui est à Jésus est à Moi"" et que Je puisse dire : ""ce qui est à L"
LDC.T12.1918-11-15.E001.P004,ldc_t12_1918_11_15_e001_p004,JESUS,0,255,2,block,"""Fou d'Amour pour elle, Je la fais vivre aux crochets de Ma Sainteté, de Mes Désirs, de Mon Amour, de Ma Force, de Mon S"
LDC.T12.1920-01-24.E001.P004,ldc_t12_1920_01_24_e001_p004,JESUS,0,284,2,block,"'Avant de créer l\'homme, Je Me suis dit à Moi-même des paroles semblables : ""Je ne veux pas être seul. Je veux des créa"
LDC.T12.1921-02-22.E001.P004,ldc_t12_1921_02_22_e001_p004,JESUS,0,199,6,block,"'Après avoir dit ""Fiat Lux"" (""que la lumière soit"") et que la lumière se fut manifestée, et après avoir dit ""Fiat"" à tou"
LDC.T12.1917-08-06.E001.P005,ldc_t12_1917_08_06_e001_p005,JESUS,0,215,2,block,"'Jaloux de la sainteté de cette âme, Dieu la garde dans les profondeurs de son Cœur. Il lui dit : ""Personne ne te touche"
LDC.T12.1918-08-07.E001.P005,ldc_t12_1918_08_07_e001_p005,JESUS,0,171,2,block,"'Je leur dis : ""Voyez combien Je vous aime. Mon immolation sur la Croix ne suffit pas à Mon Amour. Je veux aussi Me cons"
LDC.T12.1918-11-07.E001.P005,ldc_t12_1918_11_07_e001_p005,JESUS,0,280,3,block,"'Et quand elle veut quelque chose, Je lui dis : ""Tu as toujours fait Ma Volonté, c\'est juste que Je fasse parfois la ti"
LDC.T12.1919-02-10.E001.P005,ldc_t12_1919_02_10_e001_p005,JESUS,0,115,3,block,"'Ma fille, c\'est Ma coutume de demander le ""oui"" de la créature pour pouvoir ensuite travailler librement avec elle.'"
LDC.T12.1921-01-24.E001.P005,ldc_t12_1921_01_24_e001_p005,JESUS,0,273,2,block,"'Et cette fois encore, une créature doit y participer. Et c\'est toi que J\'ai choisie. Ce troisième Fiat doit mener à l"
LDC.T12.1921-02-08.E001.P005,ldc_t12_1921_02_08_e001_p005,JESUS,13,364,3,block,"'Ah ! Ma fille, les créatures se précipitent toujours plus dans le mal. Que de machinations elles ruminent et de ruines "
LDC.T12.1921-03-02.E001.P005,ldc_t12_1921_03_02_e001_p005,JESUS,0,68,3,block,"'Mon ""que Ta Volonté soit faite"" trouvera son achèvement en ces âmes.'"
LDC.T12.1917-03-06.E001.P006,ldc_t12_1917_03_06_e001_p006,JESUS,0,219,3,block,"'Quand les gens lisent les ""applications"" des Heures de Ma Passion, Je remplis ton âme jusqu\'à déborder et Je te parle "
LDC.T12.1917-03-28.E001.P006,ldc_t12_1917_03_28_e001_p006,JESUS,66,126,2,block,"'Je ne peux pas te dire une plus belle parole que ""Je T\'aime.'"
LDC.T12.1918-05-23.E001.P006,ldc_t12_1918_05_23_e001_p006,JESUS,0,205,3,block,"'Sur tes ailes, apporte Mes ""Je T\'aime"" à d\'autres coeurs pour Me faire aimer. Viens ensuite dans Mon Cœur pour te rep"
LDC.T12.1919-02-24.E001.P006,ldc_t12_1919_02_24_e001_p006,JESUS,0,207,2,block,"'Jaloux de ce prodige qu\'Il venait de créer, Il se fit son gardien. Il en prit possession en lui disant : ""J\'ai tout c"
LDC.T12.1921-02-22.E001.P006,ldc_t12_1921_02_22_e001_p006,JESUS,1,186,2,inline,"'Comme elle est belle cette Œuvre sortie de Moi. Je veux Me reposer en elle !"" Je fais de même avec les âmes : après leu"
LDC.T12.1917-03-06.E001.P007,ldc_t12_1917_03_06_e001_p007,JESUS,0,110,3,block,"'Ces ""applications"" sont le miroir de Ma vie intérieure. Celui qui se modèle sur elles reproduit Ma Vie en lui.'"
LDC.T12.1917-03-18.E001.P007,ldc_t12_1917_03_18_e001_p007,JESUS,0,256,2,block,"'Je dis au Père : ""Mon Père, ce n\'est pas seulement Moi qui Te prie, fais réparation et T\'apaise, mais il y a des créa"
LDC.T12.1917-03-28.E001.P007,ldc_t12_1917_03_28_e001_p007,JESUS,0,265,3,block,"'Venant de Moi, ce ""Je T\'aime"" remplit le Ciel et la terre. Il circule chez les saints qui en reçoivent une gloire nouv"
LDC.T12.1917-05-12.E001.P007,ldc_t12_1917_05_12_e001_p007,JESUS,0,291,2,block,"'Avec beaucoup plus de raisons encore, Je dirais à celui qui douterait de Mon Amour et craindrait d\'être damné : ""Qu\'e"
LDC.T12.1917-10-04.E001.P007,ldc_t12_1917_10_04_e001_p007,JESUS,0,191,3,block,"'Ne te souviens-Tu pas que Je T\'ai dit : ""Laisse-Moi faire cela. Autrement, l\'homme atteindra un tel point dans le mal"
LDC.T12.1918-07-16.E001.P007,ldc_t12_1918_07_16_e001_p007,JESUS,0,181,2,block,"'Elles ne sont pas comme le soleil qui pourrait dire s\'il pouvait parler : ""Si Je le veux, Je peux m\'approprier toute "
LDC.T12.1918-10-16.E001.P007,ldc_t12_1918_10_16_e001_p007,JESUS,1,195,2,inline,"""Calme-Toi, calme-Toi. C'est Moi, écoute-Moi. Te souviens-Tu que, dans les mois passés, quand tu pleurais avec Moi sur l"
LDC.T12.1918-12-04.E001.P007,ldc_t12_1918_12_04_e001_p007,JESUS,0,161,2,block,"'Quand Je te vois à Ma recherche à travers les tabernacles des églises, Je te dis : ""N\'es-Tu pas Ma vraie prison d\'Amo"
LDC.T12.1920-12-22.E001.P007,ldc_t12_1920_12_22_e001_p007,JESUS,87,316,2,block,"'Nous nous présentons devant la Majesté Suprême avec écrit sur nos fronts en caractères indélébiles : ""Nous voulons la m"
LDC.T12.1921-02-22.E001.P007,ldc_t12_1921_02_22_e001_p007,JESUS,19,42,3,block,"'Disons ""Fiat"" ensemble.'"
LDC.T12.1921-03-02.E001.P007,ldc_t12_1921_03_02_e001_p007,JESUS,0,101,2,block,"'le troisième Fiat fera descendre Ma Volonté dans les âmes où Elle régnera ""sur la terre comme au Ciel'"
LDC.T12.1917-03-28.E001.P008,ldc_t12_1917_03_28_e001_p008,JESUS,0,252,3,block,'Il pénètre dans le purgatoire et répand sur les âmes qui s\'y trouvent une rosée bénéfique et rafraîchissante. Même les
LDC.T12.1917-12-30.E001.P008,ldc_t12_1917_12_30_e001_p008,JESUS,0,133,2,block,"'Ah ! Ma fille, J\'ai tout donné aux créatures en leur disant : ""Prenez tout ce que vous voulez, mais laissez-Moi seulem"
LDC.T12.1918-05-23.E001.P008,ldc_t12_1918_05_23_e001_p008,JESUS,52,102,2,block,'Je te laisse le souffle de Ma Volonté. Endors-Toi.'
LDC.T12.1919-01-04.E001.P008,ldc_t12_1919_01_04_e001_p008,JESUS,129,267,2,inline,"'Ma Volonté coula aussi dans toutes les créatures. Et ta souffrance a touché tous les coeurs en disant à chacun : ""Sois "
LDC.T12.1917-03-28.E001.P009,ldc_t12_1917_03_28_e001_p009,JESUS,1,149,3,inline,"'Sais-Tu quand l\'âme attire vers elle un ""Je T\'aime"" de Ma part ? Quand, se fondant en Moi, elle prend l\'attitude div"
LDC.T12.1918-03-16.E001.P010,ldc_t12_1918_03_16_e001_p010,JESUS,0,202,3,block,"'Je T\'ai fait grandir dans Ma Volonté et tu es une partie de Moi-même. Je te garderai et dirai à chacun : ""Personne d\'"
LDC.T12.1920-01-09.E001.P010,ldc_t12_1920_01_09_e001_p010,JESUS,0,150,2,block,"'En plus de sa lumière, le soleil prodigue sa chaleur. Impatient de recevoir l\'amour des créatures, Je leur dis par cet"
LDC.T12.1920-09-25.E001.P010,ldc_t12_1920_09_25_e001_p010,JESUS,38,125,2,block,"""Il y a un instant, Ma Mère était ici et T'a serrée dans ses bras avec beaucoup d'amour."""
LDC.T12.1920-12-18.E001.P010,ldc_t12_1920_12_18_e001_p010,JESUS,13,259,2,block,"""Si ce n'est pas le cas, rien n'est terminé. Ma Justice et Mon Amour ressentaient le besoin de ce retour. Parce que les "
LDC.T12.1919-02-20.E001.P011,ldc_t12_1919_02_20_e001_p011,JESUS,0,121,2,block,"'Avec son oeil lumineux et chercheur, le soleil semble dire à tous : ""Je suis le prêcheur le plus parfait de l\'Être Div"
LDC.T12.1917-12-06.E001.P012,ldc_t12_1917_12_06_e001_p012,JESUS,0,245,2,block,"'Il aurait pu Me dire : ""Tu n\'as pas tout fait pour chaque créature, Ton travail n\'est pas complet. Je ne peux reconna"
LDC.T12.1919-05-22.E001.P012,ldc_t12_1919_05_22_e001_p012,JESUS,0,126,3,block,"'À la suite de cette prière, Je ressentirai en toi l\'adoration, les ""Je T\'aime"", les baisers, etc. de toute la famille"
LDC.T12.1920-01-09.E001.P012,ldc_t12_1920_01_09_e001_p012,JESUS,0,205,2,block,'Le firmament déployé au-dessus de vos têtes vous rappelle continuellement Mon Amour. Chacun des clignotements d\'étoile
LDC.T12.1917-11-27.E001.P013,ldc_t12_1917_11_27_e001_p013,JESUS,0,134,3,block,"'Alors, la terre Me donnera une vraie gloire et Mon ""Fiat Voluntas tua"" sur la terre comme au Ciel connaîtra son total a"
LDC.T12.1919-01-08.E001.P013,ldc_t12_1919_01_08_e001_p013,JESUS,0,289,3,block,"'Et si tu cries très fort ""Je T\'aime !"", J\'entendrai dans ce cri la musique de Mon Amour éternel et Je sentirai l\'amo"
LDC.T12.1919-12-06.E001.P013,ldc_t12_1919_12_06_e001_p013,JESUS,0,167,2,block,"'Présent dans le ciel de son âme, Je lui dis : ""Mon fils, plus tu deviens beau, plus tu Me fais plaisir. J\'aime tant ta"
LDC.T12.1919-02-10.E001.P014,ldc_t12_1919_02_10_e001_p014,JESUS,1,157,3,inline,"'Je veux maintenant te parer et te vêtir comme Moi-même, afin que ton ""oui"" se joigne au Mien, pour accomplir Ma propre "
LDC.T12.1921-01-17.E001.P014,ldc_t12_1921_01_17_e001_p014,JESUS,0,236,4,block,"'Le ""Fiat Voluntas tua sicut in Coelo et in terra"" -""que Ta Volonté soit faite sur la terre comme au Ciel""-, que J\'ai e"
LDC.T12.1919-06-04.E001.P015,ldc_t12_1919_06_04_e001_p015,JESUS,0,271,3,block,"'Ainsi, J\'ai déployé un Ciel dans les profondeurs de ton âme. Et le ""fiat"" du bien produit par toi, car tout bien est u"
LDC.T12.1921-03-17.E001.P015,ldc_t12_1921_03_17_e001_p015,JESUS,0,153,3,block,"'Après T\'avoir bien instruite, Je T\'ai manifesté ta mission et comment l\'accomplissement du ""Fiat Voluntas Tua"" sur l"
LDC.T12.1917-12-30.E001.P016,ldc_t12_1917_12_30_e001_p016,JESUS,0,118,2,block,"'Je leur dis avec Mon Cœur chagriné : ""Voleurs, partez, quittez Mon sanctuaire parce que Je ne peux plus vous tolérer !'"
LDC.T12.1921-01-17.E001.P016,ldc_t12_1921_01_17_e001_p016,JESUS,0,199,2,block,"'Je veux voir dans une âme Mon propre Fiat qui s\'élève jusqu\'à Mon Trône et qui, par Ma Puissance créatrice, apporte à"
LDC.T12.1917-10-04.E001.P017,ldc_t12_1917_10_04_e001_p017,JESUS,0,138,2,block,"'Pendant que Je souffrais, Je disais : ""Ma souffrance, cours, va à la recherche de l\'homme ! Aide-le et sois sa force d"
LDC.T12.1919-08-06.E001.P017,ldc_t12_1919_08_06_e001_p017,JESUS,0,112,2,block,"""Les plus petits Actes faits dans Ma Volonté s'inscrivent dans le Ciel, en caractères indélébiles, en se disant :"""
LDC.T12.1920-03-19.E001.P017,ldc_t12_1920_03_19_e001_p017,JESUS,0,97,3,block,"'Eh bien ! sache que ce ""oui"" prononcé par toi existe et existera toujours, tout comme Ma Volonté.'"
LDC.T12.1920-11-28.E001.P017,ldc_t12_1920_11_28_e001_p017,JESUS,0,234,2,block,"'À travers toute chose, ils entendraient Ma Parole créatrice leur dire : ""Je vous bénis au nom du Père, de Moi-même et d"
LDC.T12.1917-10-04.E001.P018,ldc_t12_1917_10_04_e001_p018,JESUS,0,102,2,block,"'Pendant que Je répandais Mon Sang, Je disais à chaque goutte : ""Cours, cours, sauve l\'homme pour Moi !'"
LDC.T12.1918-08-12.E001.P018,ldc_t12_1918_08_12_e001_p018,JESUS,0,105,2,block,"'Je suis heureux de cela et Je Me dis en Moi-même : ""C\'est le pain de Ma fille que Je donne à Mes enfants.'"
LDC.T12.1920-03-19.E001.P018,ldc_t12_1920_03_19_e001_p018,JESUS,0,90,3,block,"'Avec ce ""oui"", ta vie personnelle a pris fin. Ta volonté ne doit plus vivre par elle-même.'"
LDC.T12.1917-12-30.E001.P019,ldc_t12_1917_12_30_e001_p019,JESUS,0,143,3,block,"'Alors, il dira : ""Je suis aveugle et Je ne sais plus quoi faire !"" L\'épée dévastatrice continuera son travail jusqu\'à"
LDC.T12.1919-03-14.E001.P019,ldc_t12_1919_03_14_e001_p019,JESUS,0,257,3,block,"'Nous nous présenterons ensemble devant le Trône de l\'Éternel avec, sur nos fronts, écrit en caractères indélébiles : -"
LDC.T12.1917-10-04.E001.P020,ldc_t12_1917_10_04_e001_p020,JESUS,0,233,2,block,"'Pendant la flagellation, alors que se formaient les Plaies de Mon corps, Je répétais : ""Mes Plaies, ne restez pas avec "
LDC.T12.1920-03-19.E001.P022,ldc_t12_1920_03_19_e001_p022,JESUS,0,111,2,block,"'Et si tu ne M\'écoutais pas, Je te dirais tout affligé : ""Si tu ne veux pas Me suivre, Je ferai les choses seul.'"
LDC.T12.1921-01-17.E001.P023,ldc_t12_1921_01_17_e001_p023,JESUS,0,267,2,block,"'Il appelle le petit, l\'incapable, et lui confie le gros montant, en se disant : ""Si Je confie le magot au géant, tous "
LDC.T13.E0004.P007,LDC.T13.E0004.P007,JESUS,0,139,3,block,"'Cependant, quiconque vit dans Ma Volonté, quiconque vit le ""que Ta Volonté soit faite"" est immergé dans les Mers immens"
LDC.T13.E0006.P009,LDC.T13.E0006.P009,JESUS,1,338,2,inline,'Celui qui vit dans Ma Volonté doit être comme le centre de tout. Regarde le soleil : tu peux voir le centre de sa lumiè
LDC.T13.E0010A.P019,LDC.T13.E0010A.P019,JESUS,0,143,3,block,"'- les Supplications de leur ""mère"" (c\'est-à-dire l\'âme d\'où ils proviennent), laquelle veut leur salut et souhaite q"
LDC.T13.E0003.P021,LDC.T13.E0003.P021,JESUS,0,157,3,block,"'Je leur ai uniquement enseigné comment prier le ""que Ta Volonté soit faite sur la terre comme au Ciel"", afin qu\'elles "
LDC.T13.E0004.P023,LDC.T13.E0004.P023,JESUS,0,176,3,block,"""Au contraire, par Mon troisième Fiat, la créature plonge sa vie dans Ma Volonté et Je deviens le centre de sa vie. C'es"
LDC.T13.E0050.P024,LDC.T13.E0050.P024,JESUS,1,319,2,inline,"'Travaille avec Moi dans Ma Volonté. Ce qui est à Moi est à toi. Si tu as quelque chose qui t\'appartienne, laisse-le. P"
LDC.T13.E0054.P026,LDC.T13.E0054.P026,JESUS,194,292,2,inline,"'. Plus que pour le soleil, les actes accomplis dans Ma Volonté sont désirés et réclamés par tous :'"
LDC.T13.E0026.P028,LDC.T13.E0026.P028,JESUS,0,194,2,block,'Oh ! Comme la noirceur lourde que Je subissais Me fit sentir toute la noirceur que le péché a produit chez l\'homme ! O
LDC.T13.E0034.P035,LDC.T13.E0034.P035,JESUS,0,61,2,block,"'Puis, avec une Joie sans fin, Je dis : ""Contemple Mes Images.'"
LDC.T13.E0027.P039,LDC.T13.E0027.P039,JESUS,0,150,2,block,"'Je te suivrai comme une ombre et Je ne te quitterai jamais."" En donnant Vie à la créature, Mon seul objectif était qu\'"
LDC.T14.E0032.P004,LDC.T14.E0032.P004,JESUS,1,111,2,inline,"'Mon Royaume n\'est pas de ce monde. S\'il était de ce monde, des légions d\'anges Me défendraient."" Par ces mots,'"
LDC.T14.E0020.P007,LDC.T14.E0020.P007,JESUS,0,312,5,block,'Il avait laissé des avenues ouvertes entre lui-même et la volonté humaine afin que cette dernière puisse s\'enrichir à 
LDC.T14.E0032.P009,LDC.T14.E0032.P009,JESUS,1,214,2,inline,"'Oui, Je suis Roi. Et Je suis venu en ce monde pour révéler la Vérité."" Par ces mots, J\'ai voulu ouvrir une voie dans s"
LDC.T14.E0038.P010,LDC.T14.E0038.P010,JESUS,0,562,3,block,"""Pourtant, les hommes le voient et jouissent de ses effets. Sa chaleur et sa lumière les suivent partout. Et si quelqu'u"
LDC.T14.E0032.P016,LDC.T14.E0032.P016,JESUS,0,220,2,block,"'Elle rend honteux ses ennemis. Elle les fait tomber à ses pieds."" Pilate M\'a interrogé avec sincérité et Je lui ai rép"
LDC.T14.E0039.P016,LDC.T14.E0039.P016,JESUS,0,78,4,block,"'L\'homme ingrat Me laisse seul, ne M\'offrant jamais un ""merci"" ou un ""Je t\'aime'"
LDC.T14.E0042.P019,LDC.T14.E0042.P019,JESUS,1,50,2,inline,"""à l'image et à la ressemblance» de leur Créateur."""
LDC.T14.E0008.P020,LDC.T14.E0008.P020,JESUS,0,126,3,block,"""C'est pourquoi l'Église s'exclame : «Heureuse faute !» À la suite du péché, la Rédemption est venue, par laquelle Mon H"
LDC.T14.E0042.P020,LDC.T14.E0042.P020,JESUS,1,663,2,inline,"""Ce sera le commencement de Mon Règne sur la terre comme au Ciel». Crois-tu que c'est une petite chose que de vivre dans"
LDC.T14.E0066.P024,LDC.T14.E0066.P024,JESUS,0,432,3,block,'Le temps est venu et Je cherche une âme prête à recevoir la première naissance afin qu\'après Je puisse continuer à liv
LDC.T14.E0019.P033,LDC.T14.E0019.P033,JESUS,1,196,2,inline,"'Je t\'ai donné le soleil, les étoiles, les fleurs, l\'eau et le feu pour t\'exprimer Mon amour."" Reconnaissant cela, tu"
LDC.T15.E0004.P003,LDC.T15.E0004.P003,JESUS,0,339,3,block,"'Quoiqu\'il soit juste de dire que le Verbe a été conçu, le Père Céleste et le Saint-Esprit demeurent inséparables de Mo"
LDC.T15.E0015.P003,LDC.T15.E0015.P003,JESUS,1,103,2,inline,"'Ma fille, Ma fille, ne crains pas. Rien n\'est fini entre toi et Moi. Ton Jésus est toujours ""Ton Jésus'"
LDC.T15.E0004.P010,LDC.T15.E0004.P010,JESUS,0,171,3,block,"'En vivant toujours dans Ma Volonté, Ma chère Mère prépara dans son sein virginal le minuscule ""Terrain Divin"" où Moi, l"
LDC.T15.E0001.P013,LDC.T15.E0001.P013,JESUS,0,112,3,block,"'Uniquement par Ma Volonté, on pourra dire : ""Tout est accompli."" Voilà pourquoi Je désire tant que soient connus'"
LDC.T15.E0022.P013,LDC.T15.E0022.P013,JESUS,0,174,4,block,"'Quand Mon ""Fiat Voluntas tua"" (""que ta Volonté soit faite"") connaîtra son accomplissement sur la terre comme au Ciel, a"
LDC.T15.E0022.P015,LDC.T15.E0022.P015,JESUS,0,77,2,block,"'Au nom de tous J\'ai dit : ""Notre Père, Je te prie pour trois genres de pains.'"
LDC.T15.E0037.P021,LDC.T15.E0037.P021,JESUS,0,212,3,block,"'En ce qui concerne Mes ministres, ils doivent recevoir ces choses de toi, afin que le ""Fiat Voluntas tua"" sur la terre "
LDC.T15.E0022.P026,LDC.T15.E0022.P026,JESUS,1,60,2,inline,"'Donne-nous notre pain matériel de ce jour"" puisque l\'homme,'"
LDC.T15.E0016.P028,LDC.T15.E0016.P028,JESUS,0,262,3,block,"'Je pourrais leur dire : "" Je n\'ai rien à vous donner. Quelle volonté vous animait dans vos actes et vos souffrances ? "
LDC.T15.E0022.P036,LDC.T15.E0022.P036,JESUS,1,172,2,inline,"'Pardonne-nous nos offenses comme nous pardonnons à ceux qui nous ont offensés."" Quand ta Volonté sera accomplie sur la "
LDC.T15.E0037.P038,LDC.T15.E0037.P038,JESUS,0,84,3,block,"'Par trois fois, la Divinité a agi ""ad extra"" : La première fois, lors de la Création'"
LDC.T15.E0036.P039,LDC.T15.E0036.P039,JESUS,0,118,3,block,"'J\'ai voulu lui donner une autre leçon sublime en disant : ""Oui, Je suis roi."" Par cette réponse, J\'ai voulu lui dire "
LDC.T15.E0022.P042,LDC.T15.E0022.P042,JESUS,0,138,3,block,"'J\'ai continué par les mots ""Ne nous laisse pas succomber à la tentation."" Parce que l\'homme est toujours l\'homme, po"
LDC.T15.E0022.P045,LDC.T15.E0022.P045,JESUS,0,102,2,block,"'- en vertu de ce même pain, délivre-nous du mal. Amen."" Observe comment on trouve ici un lien avec le.'"
LDC.T15.E0022.P050,LDC.T15.E0022.P050,JESUS,0,101,3,block,"'- pourquoi le ""Que ta Volonté soit faite sur la terre comme au Ciel"" est Ma première préoccupation et'"
LDC.T15.E0036.P060,LDC.T15.E0036.P060,JESUS,0,224,2,block,"'Dans Mon Royaume, il y a une Vie véritable."" Que de profonds mystères se cachent dans Mes Paroles ! Dans ses souffrance"
LDC.T15.E0022.P064,LDC.T15.E0022.P064,JESUS,0,88,3,block,"""- le « que ta Volonté soit faite sur la terre comme au Ciel » ne pourra pas s'accomplir."""
LDC.T15.E0037.P067,LDC.T15.E0037.P067,JESUS,0,181,3,block,"'J\'ai procédé de la même manière avec toi : comme l\'Église entière doit participer au ""Fiat Voluntas Tua"", Je t\'ai co"
LDC.T16.E0032.P004,LDC.T16.E0032.P004,JESUS,1,124,2,inline,"'Père, s\'il est possible, que cette coupe passe loin de Moi"" ? Pas du tout. Il s\'agissait de la coupe de la volonté hu"
LDC.T16.E0032.P005,LDC.T16.E0032.P005,JESUS,0,225,2,block,'Elle présentait à Mes yeux une telle amertume et une telle abondance de vices que c\'est par rapport à elle que Ma Volo
LDC.T16.E0024.P012,LDC.T16.E0024.P012,JESUS,0,182,5,block,"""Cela est un fait, n'est-ce pas ? En prononçant ton « oui », n'as-tu pas juré que tu voulais vivre dans Ma Volonté ? Ah "
LDC.T16.E0020.P014,LDC.T16.E0020.P014,JESUS,0,74,2,block,"""- aucune affection, aucun battement de cœur, pas le plus petit « Je t'aime"""
LDC.T16.E0005.P015,LDC.T16.E0005.P015,JESUS,0,114,3,block,"""Après, nous ferons une promenade afin que Je te montre Mes « Je t'aime » inscrits pour toi dans toute la création."""
LDC.T16.E0032.P015,LDC.T16.E0032.P015,JESUS,0,197,3,block,"""J'ai fait cette prière au tout début de Ma Passion. Car le « que Ta Volonté soit faite sur la terre comme au Ciel » éta"
LDC.T16.E0041.P016,LDC.T16.E0041.P016,JESUS,0,49,3,block,"'- te dit en notes claires que Mon ""Je t\'aime"" est'"
LDC.T16.E0005.P019,LDC.T16.E0005.P019,JESUS,0,83,3,block,"""- comment, sur ses ailes, toute la création apporte Mes « Je t'aime » aux créatures"""
LDC.T16.E0005.P020,LDC.T16.E0005.P020,JESUS,0,412,8,block,"""- comment, sur ces mêmes ailes, les créatures devraient Me donner la réplique par leurs propres « Je t'aime ». Vois le "
LDC.T16.E0005.P021,LDC.T16.E0005.P021,JESUS,0,191,3,block,"""Pendant que la lumière du soleil couvre la terre et que l'homme regarde cette terre et marche dessus, Mes « Je t'aime »"
LDC.T16.E0021.P021,LDC.T16.E0021.P021,JESUS,0,196,3,block,"'- correspondant au ""Que ta Volonté soit faite sur la terre comme au Ciel"". Ainsi Je veux concentrer en toi tous les éta"
LDC.T16.E0005.P022,LDC.T16.E0005.P022,JESUS,0,68,3,block,"""Les vagues de l'océan murmurent à l'homme « Je t'aime », « Je t'aime"""
LDC.T16.E0024.P022,LDC.T16.E0024.P022,JESUS,0,129,3,block,"'- le « que ta Volonté soit faite sur la terre comme au Ciel. » Quant à toi, ne veux-tu pas imiter Ma croissance dans Ma"
LDC.T16.E0032.P022,LDC.T16.E0032.P022,JESUS,0,61,2,block,'- accomplir le « Fiat Voluntas Tua sur la terre comme au Ciel'
LDC.T16.E0041.P022,LDC.T16.E0041.P022,JESUS,0,175,3,block,"'Mon amour est stable, il n\'a qu\'un seul son jamais interrompu : ""Je t\'aime"". Tu connais bien la lumière du soleil. T"
LDC.T16.E0005.P023,LDC.T16.E0005.P023,JESUS,2,150,4,inline,"""Je t'aime ». Toutes les gouttes d'eau sont autant de notes qui, murmurant de concert, forment les plus belles harmonies"
LDC.T16.E0005.P024,LDC.T16.E0005.P024,JESUS,0,176,5,block,"""Les plantes, les feuilles, les fleurs, les fruits ont Mes « Je t'aime » imprimés en eux. Ainsi, la création tout entièr"
LDC.T16.E0005.P025,LDC.T16.E0005.P025,JESUS,0,413,13,block,"'Et l\'homme lui-même, combien de Mes « Je t\'aime » ne porte-t-il pas dans tout son être ? Ses pensées sont scellées pa"
LDC.T16.E0037.P025,LDC.T16.E0037.P025,JESUS,237,614,2,block,"'Ma fille, dis-Moi pourquoi tu es si mélancolique. Vois, Je reviens du milieu des créatures avec des larmes dans les yeu"
LDC.T16.E0005.P026,LDC.T16.E0005.P026,JESUS,0,325,3,block,"""Cependant, au milieu d'un tel débordement de Mes « Je t'aime », l'homme est incapable de sortir de lui-même pour répond"
LDC.T16.E0037.P026,LDC.T16.E0037.P026,JESUS,0,231,2,block,"'Je Me reposerai en elle et la réconforterai par Ma Présence."" Mais Je te trouve si mélancolique que Je dois mettre Mes "
LDC.T16.E0041.P026,LDC.T16.E0041.P026,JESUS,0,48,2,block,"'Toute la lumière du soleil te dit Mon ""Je t\'aime'"
LDC.T16.E0005.P027,LDC.T16.E0005.P027,JESUS,0,285,3,block,"""Mon amour veut absolument un retour d'amour de la part des créatures. Dans Ma Volonté, tu retrouveras tous Mes « Je t'a"
LDC.T16.E0007.P028,LDC.T16.E0007.P028,JESUS,0,58,2,block,"'- du ""Que ta Volonté soit faite sur la terre comme au Ciel'"
LDC.T16.E0041.P028,LDC.T16.E0041.P028,JESUS,0,80,2,block,"'Recouvrant toute la terre, elle joue pour toi la petite sonate de Mon ""Je t\'aime'"
LDC.T16.E0055A.P030,LDC.T16.E0055.P062,JESUS,0,203,3,block,"'- que toutes choses reçoivent sa Vertu et ses Biens, Elle prononça le « Fiat ». En le prononçant, elle communiqua à la "
LDC.T16.E0041.P036,LDC.T16.E0041.P036,JESUS,0,57,2,block,"'- que toute la lumière du soleil ne te dit pas ""Je t\'aime'"
LDC.T16.E0041.P037,LDC.T16.E0041.P037,JESUS,0,315,4,block,"'Elle fait même un plus grand étalage d\'amour. Puisque, en couvrant toute la terre, elle dit Mon ""Je t\'aime"" à tous. C"
LDC.T16.E0032.P038,LDC.T16.E0032.P038,JESUS,1,260,2,inline,"'Que non pas Ma Volonté mais la Tienne soit faite."" Oh oui ! Tu étais avec Moi dans ce premier contrat avec Mon Père Cél"
LDC.T16.E0041.P038,LDC.T16.E0041.P038,JESUS,0,157,3,block,"'Il en va ainsi pour toutes les choses créées qu\'elles te soient connues ou inconnues —, elles ont toutes la marque de "
LDC.T16.E0023.P039,LDC.T16.E0023.P039,JESUS,0,427,3,block,"'- ensuite, pour que « notre Volonté soit faite sur la terre comme au Ciel.» Ah oui ! Ce fut Ma Maman qui, prenant en el"
LDC.T16.E0022.P043,LDC.T16.E0022.P043,JESUS,1,93,2,inline,"'Que ta Volonté soit faite sur la terre comme au Ciel."" Avec deux petites, Je devais réaliser'"
LDC.T16.E0041.P048,LDC.T16.E0041.P048,JESUS,0,42,2,block,"'Mais toutes ont un son unique : ""Je t\'aime'"
LDC.T16.E0057.P048,LDC.T16.E0057.P048,JESUS,0,65,2,block,"'- pour accomplir le ""Fiat Voluntas Tua sur la terre comme au Ciel'"
LDC.T16.E0032.P053,LDC.T16.E0032.P053,JESUS,2,102,2,inline,"""que la Volonté Divine soit faite sur la terre comme elle l'est au Ciel », cela incluant toute chose."""
LDC.T16.E0025.P063,LDC.T16.E0025.P063,JESUS,0,506,3,block,"'Elle ne pouvait aimer ses enfants plus que cela. En leur donnant cette Nourriture, son Amour a atteint le degré ultime."
LDC.T16.E0007.P067,LDC.T16.E0007.P067,JESUS,0,78,2,block,"'- profiter des fruits du ""Que ta Volonté soit faite sur la terre comme au Ciel'"
LDC.T16.E0022.P068,LDC.T16.E0022.P068,JESUS,0,141,2,block,"'Après la première étape que fut la Rédemption, nous allons ouvrir la deuxième, celle du ""Que ta Volonté soit faite sur "
LDC.T16.E0043.P083,LDC.T16.E0043.P083,JESUS,0,264,2,block,"'Il était Dieu et homme, et puisque la Volonté Divine était sa propre vie, ce n\'est pas surprenant qu\'Il ait vécu dans"
LDC.T16.E0022.P124,LDC.T16.E0022.P124,JESUS,0,199,3,block,"'- pour pouvoir ainsi vivre selon le dessein que Nous avions en le créant, c\'est-à-dire ""Que la Volonté du Ciel et cell"
LDC.T16.E0022.P126,LDC.T16.E0022.P126,JESUS,0,64,2,block,"'- celui du ""Que ta Volonté soit faite sur la terre comme au Ciel'"
LDC.T17.E0024.P007,LDC.T17.E0024.P007,JESUS,0,718,2,block,"""Ma Mère a eu son premier test dès le premier instant de sa conception. Dès son premier acte rationnel, elle connut à la"
LDC.T17.E0020.P009,LDC.T17.E0020.P009,JESUS,16,95,2,block,"'Ma fille, tu sembles ne pas savoir ce qu\'est ""accomplir Ma Volonté sur la terre'"
LDC.T17.E0052.P012,LDC.T17.E0052.P012,JESUS,1,74,3,inline,"'Que dis-tu ? Tu te demandes ce que ce ""Je t\'aime"" a de spécial pour Moi ?'"
LDC.T17.E0012.P013,LDC.T17.E0012.P013,JESUS,16,130,3,block,"'Ma fille, souviens-toi que Je t\'ai demandé un ""oui"" dans Ma Volonté et que tu l\'as prononcé avec beaucoup d\'amour.'"
LDC.T17.E0018.P013,LDC.T17.E0018.P013,JESUS,0,62,2,block,"'Mais Il lui dit : ""Nous allons nous séparer, il est vrai. Mais'"
LDC.T17.E0046.P013,LDC.T17.E0046.P013,JESUS,0,340,2,block,'Ma Volonté est venue du Sein éternel de l\'Être Suprême pour le bien de l\'homme. Ayant posé un Acte simple pour envelo
LDC.T17.E0052.P013,LDC.T17.E0052.P013,JESUS,0,35,3,block,"'Ma fille, le ""Je t\'aime"" est tout !'"
LDC.T17.E0012.P014,LDC.T17.E0012.P014,JESUS,0,146,5,block,"'Ce ""oui"" existe toujours et occupe la première place dans Ma Volonté. Tout ce que tu fais, penses et dis est lié à ce """
LDC.T17.E0052.P014,LDC.T17.E0052.P014,JESUS,0,136,3,block,"'Le ""Je t\'aime"" est amour, vénération, estime, héroïsme, sacrifice et confiance envers celui à qui il est destiné ; il "
LDC.T17.E0046.P015,LDC.T17.E0046.P015,JESUS,0,159,2,block,"'- de recevoir en retour des actes effectués dans Ma Volonté."" Toutes les choses reçoivent un retour. Sinon, on peut dir"
LDC.T17.E0052.P015,LDC.T17.E0052.P015,JESUS,0,75,3,block,"'Le ""Je t\'aime"" est une courte phrase, mais qui pèse autant que l\'éternité !'"
LDC.T17.E0012.P016,LDC.T17.E0012.P016,JESUS,0,212,3,block,"'Je continue toujours de nourrir ce ""oui"" de Mes grâces et de transformer tous tes actes en Actes divins. C\'est là le p"
LDC.T17.E0052.P016,LDC.T17.E0052.P016,JESUS,0,170,3,block,"'Le ""Je t\'aime"" embrasse tout et tous, il se diffuse partout, se contracte, s\'élève dans les hauteurs, descend dans le"
LDC.T17.E0012.P017,LDC.T17.E0012.P017,JESUS,0,172,3,block,"'Et si, que cela n\'arrive jamais, ce ""oui"" était révoqué par toi, Je Me sentirais déchiré et Je pleurerais amèrement. V"
LDC.T17.E0052.P017,LDC.T17.E0052.P017,JESUS,73,411,11,inline,"'Son origine est éternelle. Dans le ""Je t\'aime"", le Père céleste M\'a engendré et, dans le ""Je t\'aime"", le Saint-Espri"
LDC.T17.E0012.P018,LDC.T17.E0012.P018,JESUS,0,72,3,block,"'- ton ""oui"" tremblait de terreur et les fondations du Ciel frémissaient.'"
LDC.T17.E0052.P018,LDC.T17.E0052.P018,JESUS,0,195,5,block,"'Le ""Je t\'aime"" a une valeur infinie, il est plein de vie et d\'énergie, il ne se fatigue jamais, il surpasse tout et t"
LDC.T17.E0001.P024,LDC.T17.E0001.P024,JESUS,0,123,2,block,"'- si, en les disposant autour de toi et en te les montrant du doigt une à une, elle te disait : ""Vois, ce sont tes œuvr"
LDC.T17.E0052.P024,LDC.T17.E0052.P024,JESUS,0,55,3,block,"'La vie de Mon ""Je t\'aime"" sera très très longue en toi.'"
LDC.T17.E0052.P025,LDC.T17.E0052.P025,JESUS,0,80,3,block,"'Et Mon Fiat qui règne dans ta volonté met sur ton ""Je t\'aime"" le sceau du divin.'"
LDC.T17.E0012.P027,LDC.T17.E0012.P027,JESUS,1,535,3,inline,"'Ma fille, calme-toi. Dès que tu t\'es replacée dans Ma Volonté, tout s\'est apaisé et la fête a repris. Ton ""oui"" conti"
LDC.T17.E0040.P032,LDC.T17.E0040.P032,JESUS,1,205,3,inline,"'Mon Créateur et Mon Père, Mon Jésus et Mon Amour éternel, regarde : toutes les choses te disent de la part de toutes le"
LDC.T17.E0052.P039,LDC.T17.E0052.P039,MARY,0,137,3,block,"'- mes Souffrances qui contiennent la semence du ""Fiat Voluntas Tua"". Tout ce que j\'ai fait contenait cette semence de "
LDC.T17.E0046.P046,LDC.T17.E0046.P046,JESUS,0,254,3,block,"'En somme, Je suis en train de fabriquer le modèle, c\'est-à-dire la première âme en laquelle J\'accomplis la génération"
LDC.T17.E0035.P051,LDC.T17.E0035.P051,JESUS,1,172,3,inline,"'Soyez parfaits comme votre Père céleste est parfait"", rien de moins. On y lit aussi : ""Personne n\'entrera dans le Roya"
LDC.T17.E0041.P082,LDC.T17.E0041.P082,JESUS,0,204,3,block,"'La Création est attribuée au Père, la Rédemption au Fils, et la réalisation du ""que ta Volonté soit faite"" au Saint-Esp"
LDC.T17.E0040.P099,LDC.T17.E0040.P099,JESUS,0,251,3,block,"'- en apportant notre Volonté avec toi est une très grande joie pour Nous. C\'est pourquoi Je te dis chaque fois : ""Sois"
LDC.T18.E0022.P005,LDC.T18.E0022.P005,JESUS,1,156,5,inline,"'Ma fille, comme sont beaux ces ""Je t\'aime"" adressés au Créateur par une personne qui vit dans Ma Volonté ! Par ces ""Je"
LDC.T18.E0022.P008,LDC.T18.E0022.P008,JESUS,0,329,3,block,"""- tu possèdes toute la Création puisqu'elle est mienne et que Je te la laisse aimer. Tes « Je t'aime » imprimés partout"
LDC.T18.E0005.P013,LDC.T18.E0005.P013,JESUS,0,49,3,block,"'- qu\'aucun de tes ""Je t\'aime"" ne soit perdu, mais'"
LDC.T18.E0015.P015,LDC.T18.E0015.P015,JESUS,0,151,3,block,"'- elle dépose sur chacune un baiser et y estampille un ""Je t\'aime"" à l\'adresse de Celui qui les a créés avec tant d\'"
LDC.T18.E0020.P028,LDC.T18.E0020.P028,JESUS,0,164,3,block,"'- que Ma Rédemption a déjà produits sur la terre, viendra le Fruit ""que ta Volonté soit faite sur la terre comme au Cie"
LDC.T18.E0022.P017,LDC.T18.E0022.P017,JESUS,0,114,3,block,"'Et comme tu aimes toutes les choses et tu fais couler sur chacune tes ""Je t\'aime"", toute la Création te reconnaît.'"
LDC.T18.E0023.P018,LDC.T18.E0023.P018,JESUS,1,155,2,inline,"'que ta Volonté soit faite sur la terre comme au Ciel"". Par conséquent, Ma fille, sois attentive afin de ne pas contreve"
LDC.T18.E0001.P019,LDC.T18.E0001.P019,JESUS,3,70,2,inline,"'le soleil est à Moi"" et jouir de sa lumière autant qu\'il le désire,'"
LDC.T18.E0001.P020,LDC.T18.E0001.P020,JESUS,0,63,3,block,"'- ou ""l\'eau est à Moi"" et s\'en servir autant qu\'il en a besoin,'"
LDC.T18.E0001.P021,LDC.T18.E0001.P021,JESUS,0,253,3,block,"'- ou ""la terre, la mer, le feu, l\'air, sont à Moi"", et ainsi de suite ? Si certaines choses peuvent manquer à l\'homme"
LDC.T18.E0007.P021,LDC.T18.E0007.P021,JESUS,0,56,3,block,"'- crie pour chaque offense ""peine, pardon"", de sorte que'"
LDC.T18.E0008.P022,LDC.T18.E0008.P022,JESUS,1,160,2,inline,"'Ce qui est à toi est à Moi et ce qui est à Moi est à toi. Gloire, Honneur et Amour à Mon Créateur !"" Par cet Acte simpl"
LDC.T18.E0016.P024,LDC.T18.E0016.P024,JESUS,0,546,2,block,"'Je ne veux en laisser aucune M\'échapper afin de les transformer toutes en larmes d\'Amour, de Peine, de Victoire, de S"
LDC.T18.E0008.P025,LDC.T18.E0008.P025,JESUS,0,351,3,block,"'Elle déborde d\'Amour pour Moi, compatit à Mes Souffrances et fait réparation. À travers cet Acte simple, elle trouve t"
LDC.T18.E0022.P028,LDC.T18.E0022.P028,JESUS,0,268,3,block,"'- et Mon ardent désir de voir couler partout dans la Création tes ""Je t\'aime"", tes actes d\'adoration et tes actes de "
LDC.T18.E0005.P032,LDC.T18.E0005.P032,JESUS,0,31,2,block,"'La répétition de tes ""Je t\'aime'"
LDC.T18.E0023.P033,LDC.T18.E0023.P033,JESUS,1,242,2,inline,"'Allons-y, allons-y, c\'est quelqu\'un de notre famille qui nous appelle à remplir des devoirs de famille sur la terre."""
LDC.T18.E0005A.P036,LDC.T18.E0005A.P036,MARY,1,45,2,inline,"'Ma fille, fais-le, mets ton petit ""je t\'aime'"
LDC.T18.E0002.P042,LDC.T18.E0002.P042,JESUS,1,279,2,inline,"'D\'où viennent une telle gloire, un tel honneur, une telle grandeur et tant de Prodiges chez cette créature ? C\'est po"
LDC.T18.E0002.P043,LDC.T18.E0002.P043,JESUS,1,356,2,inline,"'Saint, saint, saint ! Honneur et gloire à la Volonté de notre souverain Seigneur ! Trois fois sainte est celle qui lais"
LDC.T18.E0010.P053,LDC.T18.E0010.P053,JESUS,0,402,2,block,"'Alors que Je t\'offre la vie, c\'est vers la mort que tu te diriges."" Vois donc, Ma fille, à quel point nous attendons "
LDC.T18.E0010.P056,LDC.T18.E0010.P056,JESUS,0,254,3,block,'Ce Sacrement forme Ma Vie en elles. Cette Vie va en croissant par la répétition des communions. Ces âmes peuvent dire :
LDC.T19.E0027.P005,LDC.T19.E0027.P005,JESUS,0,28,2,block,"""Viens mettre ton « Je t'aime"""
LDC.T19.E0017.P008,LDC.T19.E0017.P008,JESUS,0,151,3,block,"""En acquérant les prérogatives de « vraie fille » de Ma Volonté, aucun trait ni chose étrangère n'appartenant pas à Ma V"
LDC.T19.E0018.P009,LDC.T19.E0018.P009,JESUS,0,74,2,block,'Aucune volonté humaine ne peut dire en réalité : «Je viens au nom de tous.'
LDC.T19.E0004.P012,LDC.T19.E0004.P012,JESUS,0,38,2,block,'Mais Je voulus Me servir du mot « Fiat'
LDC.T19.E0052.P012,LDC.T19.E0052.P012,JESUS,0,84,2,block,"'Alors, pris de pitié pour elle, Je ne cesserai de lui répéter : «Reviens à ta place,'"
LDC.T19.E0015.P013,LDC.T19.E0015.P013,JESUS,6,175,3,inline,"""Ma fille, au moment où tu imprimais ton « Je t'aime » dans Ma Volonté sur toutes les choses créées, la Création entière"
LDC.T19.E0027.P014,LDC.T19.E0027.P014,JESUS,0,98,3,block,"""- voulant d'abord te voir embrasser Mes larmes en imprimant un « Je t'aime » dans chaque larme et,"""
LDC.T19.E0027.P015,LDC.T19.E0027.P015,JESUS,0,81,3,block,"""- avec la rengaine de ton « Je t'aime », permettre au sommeil de fermer Mes yeux."""
LDC.T19.E0040.P015,LDC.T19.E0040.P015,JESUS,0,67,3,block,"""C'est ton petit « Je t'aime » imprimé sur toutes les choses créées."""
LDC.T19.E0027.P017,LDC.T19.E0027.P017,JESUS,0,111,2,block,"""- attends que Je Me réveille afin que, comme tu as fermé Mon sommeil, tu ouvres Mon réveil avec ton « Je t'aime"""
LDC.T19.E0055.P018,LDC.T19.E0055.P018,JESUS,0,276,2,block,"""Par contre, celui qui ne le désire pas, manquant d'appétit, Il éprouvera de la nausée envers Mes Choses et, comme dit l"
LDC.T19.E0027.P020,LDC.T19.E0027.P020,JESUS,0,53,2,block,"""- Me redonna ta compagnie, tes actes, ton « Je t'aime"""
LDC.T19.E0027.P021,LDC.T19.E0027.P021,JESUS,0,58,3,block,"""Sais-tu ce que signifie un « Je t'aime » dans Ma Volonté ?"""
LDC.T19.E0027.P022,LDC.T19.E0027.P022,JESUS,0,55,3,block,"""Ce « Je t'aime » renferme un Bonheur éternel, un Amour."""
LDC.T19.E0005.P024,LDC.T19.E0005.P024,JESUS,0,93,5,block,"""Donc, étant au courant du « plus », au sujet de Ma Mère, le « moins » n'était pas nécessaire."""
LDC.T19.E0039.P024,LDC.T19.E0039.P024,JESUS,0,99,3,block,"'Et, voyant que les enfants gardent ce « peu », il augmente, au fur et à mesure, les petites sommes.'"
LDC.T19.E0040.P025,LDC.T19.E0040.P025,JESUS,0,188,3,block,"'- toute la Création et toutes les œuvres de la Rédemption avec ton « Je t’aime », ton adoration, et ta volonté transfus"
LDC.T19.E0015.P027,LDC.T19.E0015.P027,JESUS,2,39,2,inline,'Le FIAT sur la terre comme au Ciel» a'
LDC.T19.E0016.P033,LDC.T19.E0016.P033,JESUS,0,69,2,block,"'Ma Mère est donc la Reine de la Création, pour avoir dépassé «le Tout'"
LDC.T19.E0027.P037,LDC.T19.E0027.P037,JESUS,0,86,3,block,"""- mets un « Je t'aime » là où Je mis Mes petits genoux pour que ce soit moins pénible."""
LDC.T19.E0013.P039,LDC.T19.E0013.P039,JESUS,0,70,2,block,"'Par conséquent, ayant trouvé tout et tous, Nous Lui donnâmes « le Tout'"
LDC.T19.E0027.P040,LDC.T19.E0027.P040,JESUS,0,253,3,block,"""Lorsque Je Me retrouvais tout seul, abandonné de tous, Je Me disais : «Si tout le monde Me quitte, la nouvelle-née de M"
LDC.T19.E0006.P042,LDC.T19.E0006.P042,JESUS,0,66,3,block,"""Notre « jeu risqué » à ce moment-là, échoua mais bien qu'inabouti."""
LDC.T19.E0004.P043,LDC.T19.E0004.P043,JESUS,6,81,2,inline,"""Ma fille, sais-tu pourquoi on t'attribua la deuxième partie de « la Gloire…"""
LDC.T19.E0006.P044,LDC.T19.E0006.P044,JESUS,0,118,3,block,"'Alors, après de longues années, Mon Amour voulut à nouveau répéter ce « jeu risqué » et ce fut avec Ma Mère Immaculée.'"
LDC.T19.E0013.P045,LDC.T19.E0013.P045,JESUS,0,132,3,block,"""Ma Volonté est « le Tout ». Voilà pourquoi on peut affirmer que la mission de la Souveraine Reine et la tienne ne sont "
LDC.T19.E0060.P046,LDC.T19.E0060.P046,JESUS,0,49,2,block,"""Il est vrai que l'Église ne récite le «Notre Père"""
LDC.T19.E0013.P047,LDC.T19.E0013.P047,JESUS,0,30,2,block,"""- un amour qui dit « Je t'aime"""
LDC.T19.E0060.P047,LDC.T19.E0060.P047,JESUS,0,137,2,block,"'que depuis que Je vins sur la terre, dans lequel on demande : «que ton Règne vienne, que ta Volonté soit faite sur la t"
LDC.T19.E0032.P052,LDC.T19.E0032.P052,JESUS,0,25,3,block,'- notre « tout »-voyance.'
LDC.T19.E0049.P053,LDC.T19.E0049.P053,JESUS,0,111,3,block,"'Car, investis par la Lumière de la Volonté Éternelle, Ils perdent ce qui est « fini », les apparences humaines,'"
LDC.T19.E0049.P054,LDC.T19.E0049.P054,JESUS,0,148,3,block,"""Ils acquièrent « l'Infini », la Substance divine pour que Dieu et l'âme réunis ne fasse qu'Un. Sois donc attentive à ce"
LDC.T19.E0060.P060,LDC.T19.E0060.P060,JESUS,0,181,3,block,"""Donc, pour remettre en état Mon Règne de Ma Volonté sur la terre, Il faut que les actes de la créature soient suffisant"
LDC.T19.E0020.P062,LDC.T19.E0020.P062,JESUS,0,189,2,block,"'Alors, prends garde, bois à chaque instant ces gorgées de Lumière de Ma Volonté, pour que se réalise en toi le plus gra"
LDC.T19.E0060.P065,LDC.T19.E0060.P065,JESUS,0,88,3,block,"'- ton « Je t’aime », ton adoration, ta reconnaissance, ton merci, sur toutes nos Œuvres.'"
LDC.T19.E0039.P071,LDC.T19.E0039.P071,JESUS,0,92,2,block,"""Te voyant tremblante et craintive, Je te rassurais en te disant : «Pourquoi t'inquiètes-tu ?"""
LDC.T19.E0045.P072,LDC.T19.E0045.P072,JESUS,0,112,5,block,"""- tu parles dans le fil en disant : « Je t'aime », « Je t'adore », « Je te bénis», ce que tu veux, et regarde..."""
LDC.T19.E0027.P079,LDC.T19.E0027.P079,JESUS,0,101,3,block,"""- pour que Ma Volonté prenne Vie en toi, personne ne se serait soucié d'être «habité» par Ma Volonté."""
LDC.T19.E0006.P086,LDC.T19.E0006.P086,JESUS,0,43,2,block,"""- à un acte, à une prière, à un « Je t'aime"""
LDC.T19.E0006.P093,LDC.T19.E0006.P093,JESUS,0,121,4,block,"""Qu'en sera-t-Il de tes nombreux « Je t'aime » dans Ma Volonté, répétant toujours le même refrain : « Je t'aime, Je t'ai"
LDC.T19.E0023.P100,LDC.T19.E0023.P100,JESUS,0,63,3,block,"""- un amour qui dit « Je t'aime » de la part de tous et de tout,"""
LDC.T19.E0008.P123,LDC.T19.E0008.P123,JESUS,0,108,3,block,'- le FIAT « que ta Volonté soit faite » dans le Ciel comme sur la terre symbolisent la Sacro-Sainte Trinité.'
LDC.T19.E0026.P141,LDC.T19.E0026.P141,JESUS,6,78,3,inline,"'Ma fille, le Père et le Saint Esprit faisaient toujours « Un » avec Moi.'"
LDC.T20.E0047.P009,LDC.T20.E0047.P009,JESUS,0,155,2,block,"'Et dans ce que tu écriras, Je t’aiderai. Je ne te laisserai pas seule. Quand Je verrai que tu ne peux pas aller plus lo"
LDC.T20.E0037.P044,LDC.T20.E0037.P044,JESUS,0,94,2,block,"'- les connaître afin de les faire et de pouvoir dire : «Ce qu’Elle fait, Je le fais Moi aussi.'"
LDC.T20.E0006.P050,LDC.T20.E0006.P050,JESUS,0,165,2,block,"'- de leur laisser étendre leur possession dans le Fiat suprême pour qu’elles ne puissent jamais dire : « C’est assez, n"
LDC.T20.E0038.P057,LDC.T20.E0038.P057,JESUS,0,110,2,block,"'Mon esprit continuait à penser à la Volonté Suprême et Je Me disais : « Mais, comment est-ce possible que Moi,'"
LDC.T20.E0053.P085,LDC.T20.E0053.P085,JESUS,0,90,2,block,'- ‘une’ la prière qui sortira de tous les êtres : « Que vienne le Royaume du Fiat Suprême.'
LDC.T20.E0058.P086,LDC.T20.E0058.P086,JESUS,0,104,2,block,'- que l’on reconnaisse que tout Lui appartient afin de pouvoir dire : « Tout est à toi—régnons ensemble.'
LDC.T22.E0024.P006,LDC.T22.E0024.P006,JESUS,0,176,3,block,"'Mais dans ce murmure on peut entendre une note plus belle, le “Je t’aime, Je t’adore, Je te bénis”, la gloire, que la p"
LDC.T22.E0007.P007,LDC.T22.E0007.P007,JESUS,0,96,2,block,"'Mon Amour, uni à Ma Volonté Divine, murmure toujours en toi, « Tu es toujours belle à Mes Yeux :'"
LDC.T22.E0024.P012,LDC.T22.E0024.P012,JESUS,0,220,2,block,"'Écoute : le soleil également, dans sa lumière qui tombe du ciel et revêt la terre entière, fait pleuvoir avec sa lumièr"
LDC.T22.E0010.P025,LDC.T22.E0010.P025,JESUS,0,24,2,block,'Chacun de tes “Je t’aime'
LDC.T22.E0010.P028,LDC.T22.E0010.P028,JESUS,2,62,3,inline,"'Ma fille, tu fais résonner tes “Je t’aime” partout pour Moi,'"
LDC.T22.E0010.P031,LDC.T22.E0010.P031,JESUS,0,52,2,block,"'Et caché en toi, Je répétais : “Je t’aime, Ma fille.'"
LDC.T22.E0016.P047,LDC.T22.E0016.P047,JESUS,0,145,3,block,"'- combien doucement Je te répète : « Ma pauvre fille, Ma pauvre fille, quel martyre que le tien », afin que le son de M"
LDC.T22.E0012.P059,LDC.T22.E0012.P059,JESUS,0,69,2,block,"'C’est aussi ce que Je te réponds : « Tu es toujours soleil, parce que'"
LDC.T22.E0006.P077,LDC.T22.E0006.P077,JESUS,0,85,2,block,"'- qui orne chaque acte, chaque pas, chaque pensée et chaque parole, de son “Je t’aime'"
LDC.T22.E0006.P078,LDC.T22.E0006.P078,JESUS,0,75,3,block,'Et ce “Je t’aime” parcourt chaque acte et chaque pensée de chaque créature.'
LDC.T22.E0006.P086,LDC.T22.E0006.P086,JESUS,0,61,2,block,'- afin d’orner les plantes et les fleurs de son “Je vous aime'
LDC.T22.E0006.P088,LDC.T22.E0006.P088,JESUS,0,166,3,block,"'Et lorsque Ma Volonté règne dans les âmes, Elle veut continuer son “Je vous aime” dans la Création et Elle vous appelle"
LDC.T22.E0006.P089,LDC.T22.E0006.P089,JESUS,0,111,2,block,"'Appelant chaque pensée et chaque acte ainsi que tous les éléments créés, Elle dit et te fait dire “Je vous aime'"
LDC.T22.E0006.P092,LDC.T22.E0006.P092,JESUS,0,138,3,block,'- de voir tes “Je vous aime” unis à ceux de Ma Volonté s’écouler dans chaque pensée et chaque acte de la créature et de
LDC.T22.E0006.P093,LDC.T22.E0006.P093,JESUS,0,26,2,block,'- de voir ce “Je vous aime'
LDC.T22.E0006.P096,LDC.T22.E0006.P096,JESUS,0,68,2,block,"'Et, d’une voix plus que tremblante, d’entendre répéter “Je vous aime'"
LDC.T23.E0035.P024,LDC.T23.E0035.P024,JESUS,0,93,2,block,'- que le cri de chacun soit entendu : « Que ta Volonté soit faite sur la terre comme au Ciel.'
LDC.T23.E0005.P025,LDC.T23.E0005.P025,JESUS,0,47,2,block,'Et sais-tu ce que signifie avoir la « plénitude'
LDC.T23.E0035.P028,LDC.T23.E0035.P028,JESUS,0,119,3,block,"'Ma Prière même au Père céleste : « Viens » « que ton Règne arrive, que ta Volonté soit faite sur la terre comme au Ciel"
LDC.T23.E0021.P034,LDC.T23.E0021.P034,JESUS,0,98,2,block,'Elle aime t’entendre répéter ton refrain : « Que le Royaume de ton divin Fiat vienne sur la terre.'
LDC.T23.E0016.P038,LDC.T23.E0016.P038,JESUS,0,90,2,block,"'- comme enivrée par tant de Bonheur, t’entendre répéter : “Je veux le Royaume de ton Fiat.'"
LDC.T23.E0008.P056,LDC.T23.E0008.P056,JESUS,0,54,2,block,'Et sais-tu ce que signifie UNITÉ ? Cela veut dire « UN'
LDC.T23.E0008.P057,LDC.T23.E0008.P057,JESUS,0,7,2,block,'Ce « un'
LDC.T23.E0038.P068,LDC.T23.E0038.P068,JESUS,0,60,2,block,"'Ma fille, tu n’as pas bien compris ce que signifiait « Unité'"
LDC.T23.E0029.P071,LDC.T23.E0029.P071,JESUS,0,122,2,block,'Or ce que Je manifeste sur Ma Volonté Divine et que tu écris peut être appelé l’« Évangile du Royaume de la Volonté Div
LDC.T23.E0002.P080,LDC.T23.E0002.P080,JESUS,0,136,3,block,"'Tu peux donc être sûre que la « Volonté de Dieu » et l’ennemi infernal ne seront jamais en accord, ni ensemble, ni près"
LDC.T23.E0017.P087,LDC.T23.E0017.P087,JESUS,0,77,2,block,'Et la merveilleuse harmonie : “Fiat Voluntas Tua come in Cielo cosi in terra.'
LDC.T23.E0032.P090,LDC.T23.E0032.P090,JESUS,4,121,2,inline,"'Que ta Volonté soit faite sur la terre comme au Ciel », afin qu’en voyant ta petitesse, la petite fille de Ma Volonté'"
LDC.T23.E0020.P094,LDC.T23.E0020.P094,JESUS,0,78,2,block,"'Aussi, Je te le répète : « Sois attentive, Ma fille, et que rien ne t’échappe.'"
LDC.T23.E0003.P100,LDC.T23.E0003.P100,JESUS,0,107,2,block,"'Tu ne devrais craindre Mon départ que si Je te disais : « Donne-Moi ce qui est à Moi, donne-Moi Ma Volonté.'"
LDC.T23.E0011.P114,LDC.T23.E0011.P114,JESUS,0,44,2,block,'- ‘un’ ton « Fiat sur la terre comme au Ciel'
LDC.T24.E0024.P005,LDC.T24.E0024.P005,JESUS,0,215,5,block,"'Ma fille, ton continuel « Je t’aime » n’est pas autre chose que la continuité du premier «Je t’aime » de Ma Volonté Div"
LDC.T24.E0024.P006,LDC.T24.E0024.P006,JESUS,0,34,3,block,'Le « Je t’aime » forme la chaleur.'
LDC.T24.E0024.P007,LDC.T24.E0024.P007,JESUS,0,133,3,block,"'Ma Volonté Divine forme la Lumière qui, envahissant le « Je t’aime », forme un Soleil. Tous sont plus radieux les uns q"
LDC.T24.E0038.P009,LDC.T24.E0038.P009,JESUS,0,118,3,block,"'Faisant résonner Mon « Je t’aime » en chaque chose créée, elle demandait le Royaume de la Volonté Divine sur la terre.'"
LDC.T24.E0009.P012,LDC.T24.E0009.P012,JESUS,0,44,2,block,'- autant de fois qu’elle dit son « Je t’aime'
LDC.T24.E0009.P013,LDC.T24.E0009.P013,JESUS,0,33,3,block,'Son « Je t’aime » vole vers Dieu.'
LDC.T24.E0009.P014,LDC.T24.E0009.P014,JESUS,0,64,3,block,"'Et l’Être Suprême, regarde dans ce « Je t’aime » de la créature.'"
LDC.T24.E0009.P015,LDC.T24.E0009.P015,JESUS,0,57,2,block,'Il se voit Lui-même tout entier dans ce petit « Je t’aime'
LDC.T24.E0009.P017,LDC.T24.E0009.P017,JESUS,0,84,3,block,'Ce petit « Je t’aime » contient un secret prodigieux : dans sa petitesse il contient'
LDC.T24.E0024.P018,LDC.T24.E0024.P018,JESUS,0,97,2,block,"'Et tout ému, Il répète : « Qu’elle est belle ! Qu’elle est belle, la nouvelle-née de Ma Volonté !'"
LDC.T24.E0009.P021,LDC.T24.E0009.P021,JESUS,0,38,2,block,'Il peut dire : « Je donne Dieu à Dieu.'
LDC.T24.E0009.P022,LDC.T24.E0009.P022,JESUS,0,62,3,block,"'Dans ce petit « Je t’aime » de la créature, l’Être infini sent'"
LDC.T24.E0009.P025,LDC.T24.E0009.P025,JESUS,0,46,2,block,'Voilà ce que tu Me donnes avec tes « Je t’aime'
LDC.T24.E0032.P025,LDC.T24.E0032.P025,JESUS,0,100,2,block,'Mais Je dois aussi te dire : “Malheur à ceux qui s’opposent ou qui pourraient mettre des obstacles !'
LDC.T24.E0009.P028,LDC.T24.E0009.P028,JESUS,0,127,3,block,"'Mon Fiat, qui forme la Vie de ton « Je t’aime » pour Moi en toi, fait ses délices en formant ces nombreuses naissances "
LDC.T24.E0009.P029,LDC.T24.E0009.P029,JESUS,0,70,3,block,"'Il garde ainsi le rythme des « Je t’aime » en toi, avec l’ardent désir'"
LDC.T24.E0025.P029,LDC.T24.E0025.P029,JESUS,0,188,5,block,'Ma Volonté Divine est présent comme la Vie primaire en tout. Ainsi « une » est la vie et « une » est le poids. Le poids
LDC.T24.E0009.P030,LDC.T24.E0009.P030,JESUS,0,61,2,block,'- de toujours frapper cette monnaie divine de tes « Je t’aime'
LDC.T24.E0009.P033,LDC.T24.E0009.P033,JESUS,0,53,2,block,'- de la perle du prodigieux secret de ton « Je t’aime'
LDC.T24.E0045.P035,LDC.T24.E0045.P035,JESUS,0,65,2,block,'Qui pourrait dire : « Je peux empêcher le passage de la lumière ?'
LDC.T24.E0017.P039,LDC.T24.E0017.P039,JESUS,0,72,2,block,"'Pour M’amuser Je lui disais : “Prends, prends Mon fils. Prends beaucoup.'"
LDC.T24.E0015.P043,LDC.T24.E0015.P043,JESUS,0,274,3,block,"'Il se sent lui-même embarrassé et il se dit : “Je dois Me marier et Je n’ai pas de maison, Je n’ai pas de lit où dormir"
LDC.T24.E0031.P045,LDC.T24.E0031.P045,JESUS,0,104,2,block,"'Ainsi, faisant écho à notre Bénédiction, ils répètent : « Au nom du Père, et du Fils et du Saint-Esprit.'"
LDC.T24.E0017.P047,LDC.T24.E0017.P047,JESUS,0,152,2,block,"'Alors que tu fais ta ronde dans nos Œuvres et nos Possessions, Je te murmure continuellement à l’oreille : “Prends tout"
LDC.T24.E0017.P049,LDC.T24.E0017.P049,JESUS,0,20,2,block,'- de tes « Je t’aime'
LDC.T24.E0030.P049,LDC.T24.E0030.P049,JESUS,0,84,2,block,"'- pour pouvoir Lui dire : « Tu M’as donné les cieux, les étoiles, le soleil, la mer.'"
LDC.T24.E0017.P050,LDC.T24.E0017.P050,JESUS,0,130,7,block,"'Dans ce « Je t’aime », qui redit son refrain « Donnez-Moi votre divin Fiat », le « Fiat » et le « Je t’aime » semblent "
LDC.T24.E0021.P058,LDC.T24.E0021.P058,JESUS,0,70,2,block,'Il ne peut l’être qu’en disant : « Je n’ai plus rien d’autre à donner.'
LDC.T24.E0010.P060,LDC.T24.E0010.P060,JESUS,0,84,3,block,"'- toutes les plantes, les pierres, les gouttes d’eau ornées de tes « Je t’aime », et'"
LDC.T24.E0010.P063,LDC.T24.E0010.P063,JESUS,0,53,2,block,"'- le ciel qu’elles voient, remplis de tes « Je t’aime'"
LDC.T24.E0010.P064,LDC.T24.E0010.P064,JESUS,0,98,3,block,"'- et les étoiles qui brillent de tes « Je t’aime », quel émerveillement ne naîtrait pas en elles !'"
LDC.T24.E0010.P065,LDC.T24.E0010.P065,JESUS,0,98,2,block,'Quel doux enchantement dilaterait la pupille de leurs yeux pour te voir psalmodier tes « Je t’aime'
LDC.T24.E0010.P070,LDC.T24.E0010.P070,JESUS,0,52,2,block,'- pour profiter de l’enchantement de tes « Je t’aime'
LDC.T24.E0046.P070,LDC.T24.E0046.P070,JESUS,0,61,3,block,"'- qui s’est imposée sur le « rien » par son Fiat Créateur, et'"
LDC.T24.E0010.P071,LDC.T24.E0010.P071,JESUS,0,225,2,block,"'Or si ce merveilleux enchantement demeure caché aux créatures, il ne l’est pas au Ciel Là les habitants peuvent profite"
LDC.T24.E0010.P072,LDC.T24.E0010.P072,JESUS,0,184,3,block,'Ils sentent que leurs « Je t’aime » s’harmonisent avec les tiens Ils ne se sentent pas séparés de la terre parce que l’
LDC.T24.E0037.P073,LDC.T24.E0037.P073,JESUS,0,116,2,block,'Je t’attends dans chacun de Mes Actes pour pouvoir dire : « La petite fille de Ma Volonté ne M’a jamais laissé seul.'
LDC.T24.E0010.P074,LDC.T24.E0010.P074,JESUS,0,88,2,block,'Je ne Me suis pas fatigué de les orner pour toi de Mes incessants et répétés « Je t’aime'
LDC.T24.E0030.P074,LDC.T24.E0030.P074,JESUS,0,50,2,block,'dont Elle ne dise à l’âme : « Faisons-le ensemble.'
LDC.T24.E0010.P075,LDC.T24.E0010.P075,JESUS,0,49,2,block,'Je ne Me suis pas lassé de placer Mes « Je t’aime'
LDC.T24.E0045.P085,LDC.T24.E0045.P085,JESUS,0,55,2,block,'Personne ne peut dire : «Il ne Me donne pas sa lumière.'
LDC.T24.E0040.P098,LDC.T24.E0040.P098,JESUS,0,66,2,block,"'Tout en dormant, Il répétait : « Mes deux Mamans, Mes deux Mamans…'"
LDC.T24.E0040.P100,LDC.T24.E0040.P100,JESUS,0,93,2,block,'Comme cela touchait le cœur de Le voir interrompre son sommeil pour dire : « Mes deux Mamans…'
LDC.T25.E0004.P023,LDC.T25.E0004.P023,JESUS,0,226,3,block,"'Elle fait se lever et se placer toutes les Œuvres divines en « attitude », tantôt elle joue une Mélodie divine, tantôt "
LDC.T25.E0030.P023,LDC.T25.E0030.P023,JESUS,0,62,3,block,"'- ravi par chacun des « Je t’aime » de Celui qui l’avait créé,'"
LDC.T25.E0030.P028,LDC.T25.E0030.P028,JESUS,0,142,3,block,"'- ne lui a pas laissé perdre un seul de nos « Je t’aime », auquel il répondait par le sien. C’était charmant et même en"
LDC.T25.E0030.P029,LDC.T25.E0030.P029,JESUS,0,130,3,block,"'La Puissance de notre divin Fiat prenait le « Je t’aime » de notre fils, le cher joyau de notre Cœur, sur les ailes de "
LDC.T25.E0018.P030,LDC.T25.E0018.P030,JESUS,0,91,3,block,'Nous voulions créer « des cieux et des soleils qui parlent » dans la profondeur de son âme.'
LDC.T25.E0030.P030,LDC.T25.E0030.P030,JESUS,0,126,3,block,"'Envahissant toute la Création, il nous faisait entendre en chaque chose créée son continuel « Je t’aime » tout comme le"
LDC.T25.E0035.P030,LDC.T25.E0035.P030,JESUS,0,82,3,block,"'Dieu est l’Être Surnaturel, et Il est “Un”. Et parce que ‘Un’ est le Dieu de tous,'"
LDC.T25.E0035.P036,LDC.T25.E0035.P036,JESUS,1,73,2,inline,"'Une” est la Vierge, et par conséquent Mère universelle et Reine de tous.'"
LDC.T25.E0017.P038,LDC.T25.E0017.P038,JESUS,0,58,3,block,"'- de te dire un « Je t’aime », comme en réponse aux tiens.'"
LDC.T25.E0035.P037,LDC.T25.E0035.P037,JESUS,1,37,2,inline,"'Un” est ton Jésus, et par conséquent'"
LDC.T25.E0017.P067,LDC.T25.E0017.P067,JESUS,0,63,3,block,"'Alors que notre Volonté, « une » en Elle-même, devait maintenir'"
LDC.T25.E0034.P076,LDC.T25.E0034.P076,JESUS,0,84,2,block,'La Résurrection est la confirmation du “Fiat Voluntas Tua sur la terre comme au Ciel'
LDC.T25.E0032.P101,LDC.T25.E0032.P101,JESUS,0,57,4,block,"'C’était bien Elle, parce que « Verbum » signifie « Parole'"
LDC.T26.E0022.P013,LDC.T26.E0022.P013,JESUS,0,183,3,block,"'Il est comme la tête par rapport aux membres. Si quelqu’un voulait dire : « Je peux vivre sans tête », cela lui serait "
LDC.T26.E0013.P036,LDC.T26.E0013.P036,JESUS,0,56,2,block,'- de te dire : « Je veux donner ce que l’homme a rejeté.'
LDC.T26.E0016.P037,LDC.T26.E0016.P037,JESUS,0,148,2,block,'Et Je dis : “Comme Je suis heureux d’avoir tout placé dans la banque de la petite fille de Ma Volonté. Car elle Me paie
LDC.T26.E0010.P048,LDC.T26.E0010.P048,JESUS,0,124,2,block,'C’est seulement lorsqu’Il la voit débordante d’Amour qu’Il se dit satisfait et prêt à la passer dans les bras de la Lum
LDC.T27.E0012.P008,LDC.T27.E0012.P008,JESUS,35,153,3,block,"'Ma fille, Je suis le Centre de toute la Création, mais un Centre « seul ». Tout est autour de Moi. Tout dépend de Moi.'"
LDC.T27.E0004.P009,LDC.T27.E0004.P009,JESUS,0,70,4,block,"'Parce que, comme la Création est le « rien », ils ont besoin du « Tout'"
LDC.T27.E0034.P038,LDC.T27.E0034.P038,JESUS,0,80,2,block,"'- en faisant sa volonté, il perdit le sourire de son Père, ses Joies très pures.'"
LDC.T27.E0024.P051,LDC.T27.E0024.P051,JESUS,0,96,3,block,"'Notre Parole est porteuse de Vie. N’est-ce pas notre Parole « Fiat » qui, en se prononçant, créa'"
LDC.T27.E0024.P055,LDC.T27.E0024.P055,JESUS,0,116,3,block,"'Jusqu’à ce que fût prononcé le « Fiat », tout était en Nous. Lorsqu’Il fut prononcé, Il peupla les cieux et la terre'"
LDC.T27.E0024.P071,LDC.T27.E0024.P071,JESUS,0,39,3,block,"'Je disais « Fiat », puis Je M’arrêtais.'"
LDC.T27.E0010.P074,LDC.T27.E0010.P074,JESUS,0,83,2,block,"'Mais il y ajouta le greffon, un greffon qui communiqua toutes les mauvaises humeurs'"
LDC.T27.E0021.P095,LDC.T27.E0021.P095,JESUS,0,63,2,block,'Je peux dire : « Tous les maux tombent en Moi et autour de Moi.'
LDC.T27.E0002.P104,LDC.T27.E0002.P104,JESUS,0,155,2,block,"'- sois attentive et aie bien à cœur de ne vivre que dans Ma Volonté Divine si tu veux ressentir, profondément, ce que t"
LDC.T28.E0001.P013,LDC.T28.E0001.P013,JESUS,0,76,2,block,"'Par conséquent, quiconque vit dans Mon divin Vouloir peut être appelé « ciel'"
LDC.T28.E0002.P013,LDC.T28.E0002.P013,JESUS,1,89,2,inline,"'Vois, tu l’as mérité parce que de ton côté, tu as fait ce que tu pouvais pour l’obtenir.'"
LDC.T28.E0025.P014,LDC.T28.E0025.P014,JESUS,0,121,3,block,'Et encore plus pour la créature qui veut vivre dans la Volonté Divine La volonté de la créature est ‘une’ avec la Mienn
LDC.T28.E0032.P017,LDC.T28.E0032.P017,JESUS,0,189,6,block,"'Mais dans son Immensité, il n’est pas de lieu où Elle n’exerce des Actes spéciaux et distincts envers l’humanité. Bien "
LDC.T28.E0029.P028,LDC.T28.E0029.P028,JESUS,0,263,5,block,'Tu dois savoir que tous les actes accomplis dans Ma Volonté Divine en sont inséparables. On peut dire que l’Acte et la 
LDC.T28.E0002.P029,LDC.T28.E0002.P029,JESUS,1,60,2,inline,"'Vous l’avez voulu et mérité, et Il vient régner parmi vous.'"
LDC.T28.E0023.P032,LDC.T28.E0023.P032,JESUS,0,57,3,block,'- un « Merci » de gratitude pour tant de folies d’Amour ?'
LDC.T28.E0008.P045,LDC.T28.E0008.P045,JESUS,2,50,2,inline,"'Ma fille, toutes les choses créées disent ‘amour'"
LDC.T28.E0001.P046,LDC.T28.E0001.P046,JESUS,0,80,3,block,'- l’Amour inépuisable qui jamais ne dit « C’est assez » et veut toujours donner.'
LDC.T28.E0009.P046,LDC.T28.E0009.P046,JESUS,0,88,3,block,'Il ne savait pas dire « C’est assez !». Notre Amour voulait continuer son Œuvre d’Amour.'
LDC.T28.E0003.P053,LDC.T28.E0003.P053,JESUS,0,59,2,block,"'Ma fille, sais-tu ce que signifie « Unité de Volonté Divine'"
LDC.T28.E0003.P056,LDC.T28.E0003.P056,JESUS,3,22,2,inline,"'une’ est son Unité,'"
LDC.T28.E0003.P057,LDC.T28.E0003.P057,JESUS,3,20,2,inline,'un’ est son Acte.'
LDC.T28.E0003.P058,LDC.T28.E0003.P058,JESUS,0,74,3,block,"'Mais tout en étant ‘un’, la Volonté, l’Unité et l’Acte s’étendent partout.'"
LDC.T28.E0006.P059,LDC.T28.E0006.P059,JESUS,0,66,3,block,'- tes continuels « Je t’aime » forment la Vie de Mon Amour en toi.'
LDC.T28.E0002.P061,LDC.T28.E0002.P061,JESUS,0,207,2,block,"'Il aurait été contre la nature de notre Amour de ne pas faire de notre fils un propriétaire, lui que Nous aimions tant "
LDC.T28.E0003.P063,LDC.T28.E0003.P063,JESUS,0,126,3,block,"'Et comme cette âme enlève ces actes, elle ne les retourne pas. Parce que sa volonté n’est pas ‘une’ avec notre Volonté "
LDC.T28.E0004.P067,LDC.T28.E0004.P067,JESUS,1,145,2,inline,"'Vois, Ma fille, J’ai fait cela pour toi, J’ai souffert cela pour toi. Viens reconnaître les propriétés de ton Jésus, qu"
LDC.T28.E0033.P069,LDC.T28.E0033.P069,JESUS,0,131,3,block,"'Petite fille de Mon Vouloir divin, Ma Volonté est ‘Une’. Bien qu’Elle ait la vertu de dédoublement, Elle se trouve à ch"
LDC.T28.E0001.P074,LDC.T28.E0001.P074,JESUS,0,158,3,block,"'- le « Fiat Voluntas tua sicut in Caelo et in terra », Me satisfaisant de Mon propre Sacrifice et de Ma Mort en chaque "
LDC.T28.E0033.P074,LDC.T28.E0033.P074,JESUS,0,61,2,block,'Mais Ma Volonté ne perd pas son Unité. Elle est toujours ‘Une'
LDC.T28.E0033.P078,LDC.T28.E0033.P078,JESUS,0,107,2,block,"'- l’inséparabilité là où Elle règne. Elle garde toute chose en Elle-même, en un Acte Unique. L’Acte est ‘Un'"
LDC.T28.E0033.P079,LDC.T28.E0033.P079,JESUS,0,19,2,block,'Ma Volonté est ‘Une'
LDC.T28.E0029.P089,LDC.T28.E0029.P089,JESUS,0,40,3,block,"'Par conséquent, ton « Je t’aime » sert à'"
LDC.T28.E0033.P091,LDC.T28.E0033.P091,JESUS,0,74,4,block,'Mais l’Acte est ‘Un’. ‘Une’ est la Volonté qui emplit la terre et le Ciel.'
LDC.T28.E0033.P093,LDC.T28.E0033.P093,JESUS,0,189,3,block,"'Ma Volonté attire la créature et l’acte de la créature dans l’Acte de Ma Volonté. Ainsi, en vertu de sa Volonté ‘Une’, "
LDC.T28.E0033.P114,LDC.T28.E0033.P114,JESUS,0,59,2,block,'- ce que veut dire « faire une chose dans Ma Volonté Divine'
LDC.T29.E0006.P007,LDC.T29.E0006.P007,JESUS,12,152,3,block,"'Ma fille, notre Amour pour la créature était en Nous ‘ab aeterno’ (depuis l’éternité). C’est-à-dire qu’en Nous, Nous l’"
LDC.T29.E0025.P014,LDC.T29.E0025.P014,JESUS,0,120,4,block,"'- de placer pour Moi tes « Je t’aime » dans ce qu’elle faisait, est-ce que Je pouvais cesser de dire : « Mes deux Maman"
LDC.T29.E0036.P014,LDC.T29.E0036.P014,JESUS,0,110,2,block,'C’est-à-dire : « Je consume Ma vie dans un Amour continuel afin de faire vivre Celui que J’aime éternellement.'
LDC.T29.E0036.P016,LDC.T29.E0036.P016,JESUS,0,95,3,block,"'- d’un Amour qui ne dit jamais ‘c’est assez’, Je ne serais jamais descendu du Ciel sur la terre'"
LDC.T29.E0028.P027,LDC.T29.E0028.P027,JESUS,0,97,3,block,'- les doux «Je t’aime » de la créature afin de pouvoir donner libre cours à notre Amour et dire :'
LDC.T29.E0011.P028,LDC.T29.E0011.P028,JESUS,0,47,3,block,'- le tonnerre continuel de tes « Je t’aime » et'
LDC.T29.E0025.P030,LDC.T29.E0025.P030,JESUS,0,90,2,block,'- et lui donnent la maternité de nature. Comment alors ne pas répéter : « Mes deux Mamans.'
LDC.T29.E0030.P039,LDC.T29.E0030.P039,JESUS,0,53,2,block,'Notre Amour est éternel et ne dit jamais ‘c’est assez'
LDC.T29.E0008.P040,LDC.T29.E0008.P040,JESUS,0,145,3,block,"'De ses hauteurs où cet Acte ne dit jamais « c’est assez », Il projette une Infinité d’effets qui lui font tenir dans sa"
LDC.T29.E0021.P041,LDC.T29.E0021.P041,JESUS,0,56,2,block,"'Et dans ce témoignage d’Amour Elle répète : « Fiat, Fiat'"
LDC.T29.E0003.P053,LDC.T29.E0003.P053,JESUS,15,281,2,block,"'Ne crains rien, Je ne te quitterai pas. Sache que Je t’aime et que c’est eux qui M’ont amené à arrêter de te faire tomb"
LDC.T29.E0005.P055,LDC.T29.E0005.P055,JESUS,0,91,3,block,"'Et notre Volonté ‘Une’ Nous donne un repos parfait avec les Béatitudes de notre Être Divin,'"
LDC.T29.E0017.P057,LDC.T29.E0017.P057,JESUS,2,76,2,inline,'sa tête écrasée par le pied de la Reine immaculée » trouve son achèvement.'
LDC.T29.E0022.P064,LDC.T29.E0022.P064,JESUS,0,212,3,block,"'Lorsque nous prononçâmes ‘Fiat’, Elle s’étendit pour former par sa Force créatrice toutes les choses créées. Afin qu’au"
LDC.T29.E0023.P068,LDC.T29.E0023.P068,JESUS,0,121,2,block,'- dans la diversité des beautés de la nature. Nos Œuvres ont une voix commune. Toutes t’appellent « fille du Père céles
LDC.T29.E0023.P071,LDC.T29.E0023.P071,JESUS,0,109,3,block,"'- à notre tendre Voix qui t’appelle fille, Nous pouvons entendre ta voix Nous appeler « Père » et Nous dire :'"
LDC.T29.E0025.P080,LDC.T29.E0025.P080,JESUS,0,339,9,block,'Et elles n’en ont d’ailleurs pas la capacité. Qui donc en vérité pourrait dire : ‘ Je peux prendre toute la lumière du 
LDC.T29.E0018.P082,LDC.T29.E0018.P082,JESUS,0,67,2,block,"'Et Moi, sais-tu ce que Je dis ? « Ah ! Ma fille ne connaît pas bien'"
LDC.T29.E0044.P086,LDC.T29.E0044.P086,JESUS,0,80,2,block,"'- pour exécuter chacun sa fonction, ils sortent le drapeau avec la devise « Fiat'"
LDC.T29.E0036.P087,LDC.T29.E0036.P087,JESUS,0,67,2,block,'Et ainsi tu peux dire toi aussi : « Je passe Ma journée avec Jésus.'
LDC.T29.E0007.P089,LDC.T29.E0007.P089,JESUS,0,38,2,block,'sais-tu alors que fait ton « Je t’aime'
LDC.T29.E0025.P093,LDC.T29.E0025.P093,JESUS,0,58,2,block,'Notre Amour ne voulait pas dire à l’homme que ‘c’est assez'
LDC.T29.E0025.P094,LDC.T29.E0025.P094,JESUS,0,160,3,block,"'Cela aurait été comme un obstacle à notre Amour, un arrêt à notre enthousiasme. Non, non, Notre ‘c’est assez ‘ n’a pas "
LDC.T29.E0025.P106,LDC.T29.E0025.P106,JESUS,0,97,2,block,"'Notre Amour n’a pas osé dire : ‘ C’est assez pour l’homme, notre enfant jusqu’ici, tu peux aller.'"
LDC.T29.E0025.P112,LDC.T29.E0025.P112,JESUS,0,96,3,block,"'- cela se peut, mais que le Père lui dise : « Tu resteras dans le jeûne », Il ne le fera jamais.'"
LDC.T29.E0025.P113,LDC.T29.E0025.P113,JESUS,0,74,3,block,'Telle est notre Bonté : Nous ne dirons jamais ‘c’est assez’ à la créature.'
LDC.T29.E0017.P124,LDC.T29.E0017.P124,JESUS,0,81,3,block,'- qu’à travers toi Je ferai que la prière « Que ton Règne arrive » s’accomplisse.'
LDC.T30.E0018.P036,LDC.T30.E0018.P036,JESUS,0,184,3,block,"'- prendre pour ainsi dire en main tous les actes de la créature pour l’appeler à y mettre du Sien, afin que ce soit Mon"
LDC.T30.E0007.P037,LDC.T30.E0007.P037,JESUS,0,46,2,block,"'En créant les choses, Il a placé un ‘ça suffit'"
LDC.T30.E0037.P039,LDC.T30.E0037.P039,JESUS,0,92,2,block,'Ah ! Tu ne sais pas ce que c’est : ‘’aimer et ne pas être aimé par celui et celle qu’on aime'
LDC.T30.E0007.P040,LDC.T30.E0007.P040,JESUS,0,93,3,block,"'- donc notre Volonté dominante et à l’œuvre, notre Être suprême n’a pas dit ‘ça suffit’. Non.'"
LDC.T30.E0009.P047,LDC.T30.E0009.P047,JESUS,0,127,3,block,"'Or, tu sais que l’Amour vrai ne dit jamais ‘c’est assez’. S’il pouvait le dire, il perdrait la nature du véritable Amou"
LDC.T30.E0018.P068,LDC.T30.E0018.P068,JESUS,2,106,2,inline,"'Nous avons tout fait et il ne reste rien à faire de notre part », comme Je l’ai dit dans la Rédemption :'"
LDC.T30.E0024.P074,LDC.T30.E0024.P074,JESUS,0,111,2,block,"'J’ai commandé qu’on lui enlève les bandages et Je l’ai appelé avec l’empire de Ma Voix : « Lazare, sors de là !'"
LDC.T30.E0018.P075,LDC.T30.E0018.P075,JESUS,0,219,3,block,"'C’est pourquoi Je te redis toujours : « Sois attentive. » N’omets rien, faisons notre part lorsqu’il n’y a rien d’autre"
LDC.T30.E0003.P091,LDC.T30.E0003.P091,JESUS,14,27,2,inline,'et « Aime-Moi'
LDC.T30.E0003.P094,LDC.T30.E0003.P094,JESUS,0,138,3,block,'Oh ! combien Nous attendons le « Je t’aime » de la créature pour lui faire prendre sa place dans notre Amour et pour av
LDC.T30.E0003.P095,LDC.T30.E0003.P095,JESUS,0,50,3,block,"'- de pouvoir lui dire : « Je t’aime, ô enfant » et'"
LDC.T30.E0027.P096,LDC.T30.E0027.P096,JESUS,0,35,2,block,'Lorsqu’elle Nous dit « Je Vous aime'
LDC.T30.E0027.P097,LDC.T30.E0027.P097,JESUS,0,175,3,block,"'Nous lui redisons « Nous t’aimons, ô fille. » Lorsqu’elle Nous fait réparation, Nous la pressons sur notre Cœur. Lorsqu"
LDC.T30.E0032.P124,LDC.T30.E0032.P124,JESUS,0,45,2,block,'D’autant plus qu’il s’agit de « donner la Vie'
LDC.T30.E0022.P134,LDC.T30.E0022.P134,JESUS,0,70,2,block,'Et c’est alors qu’elles s’exclament « Que la Volonté Divine soit faite'
LDC.T31.E0004.P002,LDC.T31.E0004.P002,JESUS,0,316,5,block,"'(2) Petite fille de Mon Vouloir, tu dois savoir que J’aime ton « Je t’aime » et que Je l’attends toujours. Je t’aime et"
LDC.T31.E0004.P003,LDC.T31.E0004.P003,JESUS,0,146,5,block,"'Par contre, lorsque Mon « Je t’aime » court et trouve le tien prêt à être donné et à recevoir Mes « Je t’aime », Mon am"
LDC.T31.E0004.P004,LDC.T31.E0004.P004,JESUS,0,372,9,block,"'Et il n’y a pas de laps de temps entre Mon « Je t’aime » et ton « Je t’aime ». Il y a une course, une compétition d’amo"
LDC.T31.E0018.P004,LDC.T31.E0018.P004,JESUS,0,420,2,block,"'Et tout ce que le Fiat submerge et enferme dans son immensité répète cet acte de la créature. Ainsi, lorsque tu M’aimes"
LDC.T31.E0004.P007,LDC.T31.E0004.P007,JESUS,0,371,3,block,'Oh ! si tu savais comme Mon Cœur est blessé et combien il souffre lorsque Je dis « Je t’aime » et que la créature n’ent
LDC.T31.E0023.P007,LDC.T31.E0023.P007,JESUS,0,203,3,block,'Ce n’est rien comparé au travail d’écriture d’un seul caractère. Tel est ton « Je t’aime » : c’est la ponctuation dans 
LDC.T31.E0028.P007,LDC.T31.E0028.P007,JESUS,0,346,2,block,'Mais si ces vérités ont à peine fleuri et n’ont pas été consommées par une profonde étude et avec un amour qui génère l
LDC.T31.E0021.P008,LDC.T31.E0021.P008,JESUS,0,128,3,block,"'Ma fille, « aime-Moi, aime-Moi. Je suis né pour aimer et être aimé. » Afin d’agir en Dieu, Ma naissance devait être uni"
LDC.T31.E0023.P008,LDC.T31.E0023.P008,JESUS,0,374,3,block,"'La ponctuation de ton « Je t’aime » met de l’ordre dans tous tes actes, replace les idées, donne l’expression la plus b"
LDC.T31.E0013.P009,LDC.T31.E0013.P009,JESUS,0,353,3,block,"'Par conséquent, il lui faut faire usage de cette même Volonté dans laquelle elle a travaillé afin de le conserver en dé"
LDC.T31.E0021.P009,LDC.T31.E0021.P009,JESUS,0,394,3,block,'Je n’aurais pas agi en Dieu si Je n’étais pas né de façon universelle pour que chacun puisse dire : « le céleste Enfant
LDC.T31.E0025.P009,LDC.T31.E0025.P009,JESUS,0,200,2,block,"'Ainsi, afin de pouvoir donner, Je veux ce qui est petit et insignifiant, même comme prétexte pour pouvoir donner ce qui"
LDC.T31.E0023.P010,LDC.T31.E0023.P010,JESUS,0,424,3,block,"'Ton « Je t’aime » s’unit à la ponctuation divine. En ponctuant, il reconnaît la valeur de nos caractères. Il apprend à "
LDC.T31.E0015.P011,LDC.T31.E0015.P011,JESUS,0,256,3,block,"'Par conséquent, sois attentive et avec courage et sans réserve aucune, donne-Moi ce qui est mien et donne-Moi tout de t"
LDC.T31.E0023.P011,LDC.T31.E0023.P011,JESUS,0,224,5,block,"'Plus encore, ton « Je t’aime» possède la vertu naturelle d’être converti en bien. Je prends, Moi, avec un amour total, "
LDC.T31.E0004.P012,LDC.T31.E0004.P012,JESUS,0,287,3,block,"'C’est pourquoi J’aime tant ton « Je t’aime » et Je le veux dans tous Mes actes, dans toutes les choses créées, et dans "
LDC.T31.E0005.P013,LDC.T31.E0005.P013,JESUS,0,138,2,block,'Si seulement tu savais ce qu’est Mon premier travail après Mon repos ! Je commence Mon travail en disant à la créature 
LDC.T31.E0019.P013,LDC.T31.E0019.P013,JESUS,0,193,3,block,"'Ainsi, chaque « Je t’aime » de la créature est pour Moi un triomphe. Et bien que Je l’aie Moi-même placé là secrètement"
LDC.T31.E0023.P013,LDC.T31.E0023.P013,JESUS,0,128,4,block,"'Mais dis-Moi, Ma fille, pourquoi Me dis-tu « Je t’aime » et pourquoi veux-tu revêtir toutes les choses créées de ton « "
LDC.T31.E0023.P013,LDC.T31.E0023.P013,JESUS,212,383,3,block,"'Par conséquent, tu dis « Je t’aime » parce que tu M’aimes. Mon plus grand bonheur, Mes soupirs, Mes attentes et Mes dél"
LDC.T31.E0019.P014,LDC.T31.E0019.P014,JESUS,0,241,3,block,"'De plus, Je tiens à ce qu’il soit venu de la volonté de la créature, de sa voix. Me sentant touché, Je le ressens comme"
LDC.T31.E0023.P014,LDC.T31.E0023.P014,JESUS,0,202,5,block,"'Ne sais-tu pas qu’avec chaque « Je t’aime » Je murmure dans l’oreille de ton cœur : « Je t’aime », et que Je place la p"
LDC.T31.E0004.P015,LDC.T31.E0004.P015,JESUS,0,276,5,block,"'Je verrai à le rendre grand ou petit. Et ton « Je t’aime », Je le veux dans le battement de ton cœur, dans l’air que tu"
LDC.T31.E0019.P015,LDC.T31.E0019.P015,JESUS,0,176,3,block,"'Tu cherches à couvrir le ciel et la terre, et tout ce qui est animé et inanimé par ton « Je t’aime », ainsi Je vois tou"
LDC.T31.E0005.P016,LDC.T31.E0005.P016,JESUS,0,652,11,block,"'La créature enivrée, grisée, Me laisse faire tout ce que Je veux, jusqu’à sacrifier sa propre vie. Parce que Mon « Je t"
LDC.T31.E0019.P016,LDC.T31.E0019.P016,JESUS,0,176,2,block,"'Et, ravi, Je dis dans la force de Mon amour : « Oh ! oui, comme Je suis heureux. Je suis déjà aimé. Et si Je triomphe d"
LDC.T31.E0005.P017,LDC.T31.E0005.P017,JESUS,0,721,9,block,"'À ce moment-là, la créature se sent sous la pluie d’un immense « Je t’aime ». Et noyée dans Mon amour, elle se laisse f"
LDC.T31.E0019.P019,LDC.T31.E0019.P019,JESUS,0,274,4,block,"'Ma chère fille, tu dois savoir que ce que Je désire et ce qui M’intéresse le plus est de faire savoir que J’aime la cré"
LDC.T31.E0024.P020,LDC.T31.E0024.P020,JESUS,0,245,2,block,"'Et ces âmes sont Mes conquérantes qui administrent leur vie à ce pauvre indigent et qui Me disent : « Mon amour, tu as "
LDC.T31.E0027.P021,LDC.T31.E0027.P021,JESUS,0,311,3,block,"'Et si nous ne sommes pas satisfaits d’une telle immensité d’amour, notre Être suprême agit comme un pêcheur et cherche "
LDC.T31.E0029.P021,LDC.T31.E0029.P021,JESUS,0,357,3,block,"'Ma souffrance était grande et ces fleurs Me tiraient les larmes des yeux, car Je sentais pénétrer plus intensément le c"
LDC.T31.E0002.P022,LDC.T31.E0002.P022,JESUS,0,250,3,block,"'Les craintes, les soucis et les doutes sont des tempêtes. Ils empêchent le murmure continuel de ton paisible « Je t’aim"
LDC.T31.E0019.P022,LDC.T31.E0019.P022,JESUS,0,318,3,block,"'C’est pourquoi J’aime tant tes « Je t’aime ». Lorsque tu le dis, il prend la forme d’une flamme rafraîchissante qui en "
LDC.T31.E0008.P024,LDC.T31.E0008.P024,JESUS,0,296,3,block,"'Nous ressentons un besoin irrésistible d’Amour de partir à la recherche de tous et de tout, Rien ne nous échappe, pas m"
LDC.T31.E0019.P024,LDC.T31.E0019.P024,JESUS,0,265,2,block,"'Ma fille, les cieux et la terre sont remplis et inondés de Mon amour. Il n’est pas de lieu où Mon amour ne ressente le "
LDC.T31.E0019.P025,LDC.T31.E0019.P025,JESUS,0,296,4,block,"'Et Mon amour est tout oreilles pour entendre la créature prononcer son « Je t’aime ». Si elle l’affirme, Mon amour se s"
LDC.T31.E0019.P026,LDC.T31.E0019.P026,JESUS,0,319,3,block,"'Chaque « Je t’aime » de la créature est un exutoire à Mon amour. Cet amour, en entrant dans le mien, est incorporé dans"
LDC.T31.E0019.P027,LDC.T31.E0019.P027,JESUS,0,168,3,block,'Vois-tu alors ce qu’est la longue psalmodie de tes « Je t’aime » ? Ce sont autant d’exutoires que tu donnes à ton Jésus
LDC.T31.E0019.P028,LDC.T31.E0019.P028,JESUS,0,343,4,block,"'Par conséquent, Je veux que tu Me dises toujours ton « Je t’aime ». Je veux le voir dans tout ce que J’ai fait pour toi"
LDC.T31.E0019.P029,LDC.T31.E0019.P029,JESUS,0,90,2,block,"'Et Je reste là dans Ma peine et J’attends ton cher petit refrain : « Je t’aime, Je t’aime.'"
LDC.T31.E0002.P030,LDC.T31.E0002.P030,JESUS,0,209,2,block,'Ah ! la vie dans la Divine Volonté appelle le Ciel sur la terre. Sa lumière écrit sur le front en lettres indélébiles :
LDC.T31.E0020.P030,LDC.T31.E0020.P030,JESUS,0,145,3,block,"'Et Je peux alors dire en fait et non en paroles : « Ce qui est à Moi est à toi, et J’ai tout fait pour toi. » Avec cela"
LDC.T31.E0028.P030,LDC.T31.E0028.P030,JESUS,0,132,2,block,'C’est la même chose avec Ma Volonté quand J’ai dit spontanément : « Priez pour que Ma Volonté soit faite sur la terre c
LDC.T31.E0019.P033,LDC.T31.E0019.P033,JESUS,0,225,3,block,"'Alors, chacun de tes « Je t’aime » devient un autre petit morceau de bois que tu jettes dans l’océan immense de Mon amo"
LDC.T32.E0006.P003,LDC.T32.E0006.P003,JESUS,0,466,4,block,"'Tu dois donc savoir que notre Fiat a étendu cette voûte azurée que notre amour a constellée d’étoiles, mettant en chacu"
LDC.T32.E0007.P004,LDC.T32.E0007.P004,JESUS,0,394,3,block,'Mon céleste Père ne peut rien refuser à son Fils unique abandonné entre ses bras. Mon abandon de chaque instant était l
LDC.T32.E0009.P005,LDC.T32.E0009.P005,JESUS,4,167,2,block,"'Ma bienheureuse fille, lorsque l’âme entre dans Mon Vouloir, Il lui dit avec son empire : « Oublie tout, même la maison"
LDC.T32.E0024.P005,LDC.T32.E0024.P005,JESUS,0,385,3,block,"'Il tourne autour d’elle en toutes choses et semble lui dire : « Regarde, c’est Moi. Je viens former Ma Vie en toi. » Et"
LDC.T32.E0029.P005,LDC.T32.E0029.P005,JESUS,4,497,2,block,'Comme il est beau de trouver notre fille au milieu de nos Œuvres. Nous sentons qu’elle veut rivaliser avec Nous. Nous a
LDC.T32.E0006.P006,LDC.T32.E0006.P006,JESUS,0,443,5,block,"'Sache que dans cette lumière, Je descends vers toi pour te dire avec force que Je t’aime, et Je tends l’oreille pour t’"
LDC.T32.E0006.P007,LDC.T32.E0006.P007,JESUS,0,213,3,block,"'J’ai créé le vent et notre amour le remplit de ses effets pour que la fraîcheur, les tourbillons, le sifflement, les gé"
LDC.T32.E0012.P007,LDC.T32.E0012.P007,JESUS,0,157,2,block,"'Et en te faisant connaître tous les aspects du mal, Je ne fais que murer ces portes et les marquer de Mon sceau en disa"
LDC.T32.E0002.P008,LDC.T32.E0002.P008,JESUS,0,236,2,block,'Et qu’elle puisse ensuite nous administrer cette nourriture dans son âme pour ne pas nous laisser jeûner et pour pouvoi
LDC.T32.E0002.P009,LDC.T32.E0002.P009,JESUS,0,138,2,block,"'L’amour est alors satisfait lorsqu’il peut dire : « Tu M’as aimé et Je t’ai aimé. Ce que tu as fait pour Moi, Je l’ai f"
LDC.T32.E0029.P009,LDC.T32.E0029.P009,JESUS,0,270,2,block,'Si bien que la créature qui vit dans notre Volonté est la rassembleuse de toutes nos Œuvres qu’elle apporte dans notre 
LDC.T32.E0002.P011,LDC.T32.E0002.P011,JESUS,0,294,3,block,'Parce que l’amour vrai se sent heureux et satisfait lorsqu’il peut dire : « Ce qui est à toi est à Moi. » Et ne crois p
LDC.T32.E0026.P011,LDC.T32.E0026.P011,JESUS,0,136,2,block,'Il se sent appelé et Il l’appelle afin de lui dire : « Y a-t-il autre chose que tu veux avoir de Mon Être divin ? Prend
LDC.T32.E0006.P012,LDC.T32.E0006.P012,JESUS,4,639,3,block,"'Ma bienheureuse fille, écoute encore Ma longue histoire d’amour. Je pourrais dire que c’est une interminable chaîne d’a"
LDC.T32.E0016.P012,LDC.T32.E0016.P012,JESUS,0,772,4,block,"'Et, oh ! quelle satisfaction et quel bonheur cela nous donne, et combien notre amour y trouve son exutoire, son échange"
LDC.T32.E0026.P012,LDC.T32.E0026.P012,JESUS,0,259,2,block,"'D’ailleurs, déjà lorsque tu M’appelles, Je prépare pour toi Ma Puissance, Mon Amour, Ma Lumière, Ma Sainteté, tout ce q"
LDC.T32.E0011.P013,LDC.T32.E0011.P013,JESUS,0,180,2,block,"'À cela, avec autant d’Amour, Jésus répond : « Ma fille, tout t’appartient. Prends de Moi ce que tu veux. D’ailleurs, pl"
LDC.T32.E0004.P014,LDC.T32.E0004.P014,JESUS,0,302,5,block,"'Ton « Je T’aime » continuel est donc le nôtre. Il est le souffle de notre Vie, il est le battement de cœur dont les pal"
LDC.T32.E0004.P015,LDC.T32.E0004.P015,JESUS,0,352,7,block,"'Ce « Je t’aime » qui est à Nous est aussi le tien, notre Souffle est aussi le tien. Et lorsque nous te donnons de l’Amo"
LDC.T32.E0029.P015,LDC.T32.E0029.P015,JESUS,0,576,3,block,"'Cette créature fait alors que tout lui appartient. Et elle aime, adore et répète ce que l’Adam innocent a fait. Ma Divi"
LDC.T32.E0001.P016,LDC.T32.E0001.P016,JESUS,0,238,3,block,'Mais elle n’attend pas comme le roi qu’on lui demande des dons et des faveurs. Car c’est elle-même qui dit : « Je suis 
LDC.T32.E0005.P016,LDC.T32.E0005.P016,JESUS,0,247,3,block,"'Ainsi, Nous ne la quittons pas un instant, nous donnons toujours, nous la tenons toujours occupée pour ne pas lui laiss"
LDC.T32.E0006.P016,LDC.T32.E0006.P016,JESUS,0,843,2,block,"'Pour les créatures. Je les aimais tant et Je voulais donner. Je voulais être le Jésus conquérant, leur donner Moi-même "
LDC.T32.E0005.P017,LDC.T32.E0005.P017,JESUS,0,297,2,block,"'Comme notre Amour est plaideur, c’est avec Justice qu’elle veut mettre dans tous ses actes tout ce qu’elle peut, tout s"
LDC.T32.E0008.P017,LDC.T32.E0008.P017,JESUS,0,232,2,block,"'Car cette dernière a tout arrêté à l’instant où elle entre dans ces régions célestes, en se disant : ‘Mon travail est t"
LDC.T32.E0001.P018,LDC.T32.E0001.P018,JESUS,0,127,3,block,"'Tu peux alors dire : « Je suis la Volonté de Dieu ». Tu peux faire de toi la guenille, le vêtement qui cache Ma Divine "
LDC.T32.E0004.P018,LDC.T32.E0004.P018,JESUS,0,109,3,block,"'Alors, sois assidue, et fais que ton « Je T’aime » soit continuel. Car il n’est que le jaillissement du Mien.'"
LDC.T32.E0006.P019,LDC.T32.E0006.P019,JESUS,0,443,3,block,"'Mais Mon amour n’aurait pas été satisfait. Étant capable de donner et de faire plus, Mon Amour serait demeuré empêché e"
LDC.T32.E0001.P025,LDC.T32.E0001.P025,JESUS,0,810,5,block,"'Par conséquent, Mon acte est toujours présent. Parce que Je veux la créature toujours avec Moi. Son amour est le seul o"
LDC.T32.E0005.P026,LDC.T32.E0005.P026,JESUS,0,106,2,block,"'Si bien que pour la créature qui vit dans notre Volonté, on peut appeler dans le temps cette voie « petite'"
LDC.T32.E0001.P029,LDC.T32.E0001.P029,JESUS,0,239,2,block,'Aie pitié de Mes larmes et de Mes souffrances. Souffrons ensemble pour que tu répètes ce que J’ai fait et pour que tu m
LDC.T32.E0028.P029,LDC.T32.E0028.P029,JESUS,0,175,2,block,'La véritable transformation et consommation se produit alors avec la créature en Dieu. Et Dieu prend une part active et
LDC.T32.E0008.P037,LDC.T32.E0008.P037,JESUS,0,384,2,block,"'Mais avec une Compassion toute paternelle nous lui disons : « Où es-tu allée ? Pauvre fille, à quoi tu as été réduite. "
LDC.T33.E0008.P003,LDC.T33.E0008.P003,JESUS,4,88,3,block,"'Petite fille de Ma Volonté, ton « Je t’aime », si petit soit-il, touche notre Amour.'"
LDC.T33.E0028.P006,LDC.T33.E0028.P006,JESUS,4,415,3,block,"""Ma petite fille, les actes, les sacrifices spontanés et non forcés que la créature fait pour Moi Me sont si agréables q"
LDC.T33.E0003.P007,LDC.T33.E0003.P007,JESUS,0,324,5,block,"""De sorte que la première leçon qu'il apprit de son Créateur, la première parole qu'il apprit à dire, la première pensée"
LDC.T33.E0031.P007,LDC.T33.E0031.P007,JESUS,0,322,7,block,"""Lorsque, toute petite, tu veux M'aimer et que tu ne sais pas comment faire, c'est ton « Je T'aime » qui te fait sauter "
LDC.T33.E0003.P008,LDC.T33.E0003.P008,JESUS,0,362,6,block,"""Il ne s'est interrompu que lorsqu'il eut le malheur de tomber dans le péché. Notre divinité était touchée d'entendre « "
LDC.T33.E0028.P008,LDC.T33.E0028.P008,JESUS,0,231,2,block,"'Tout en Elle est spontanéité. Si Elle aime, si Elle travaille, si par un Acte unique Elle donne la vie et conserve tout"
LDC.T33.E0041.P008,LDC.T33.E0041.P008,JESUS,0,273,2,block,"""Cela Me suffit et Je suis heureux de pouvoir lui dire : « Tu M'as aimé comme Je t'ai aimée. De plus, tu dois savoir que"
LDC.T33.E0052.P008,LDC.T33.E0052.P008,JESUS,0,623,3,block,"""Or pour la créature qui vit dans Ma Volonté, il est impossible de ne pas posséder son Jésus. C'est pourquoi en Me recev"
LDC.T33.E0003.P009,LDC.T33.E0003.P009,JESUS,0,157,2,block,"'Comment ne pas être touché ? Comment ne pas le payer en retour d’un Amour plus grand, plus fort, digne de notre magnifi"
LDC.T33.E0031.P009,LDC.T33.E0031.P009,JESUS,0,229,3,block,"'Ainsi, chaque fois que tu penses à faire couler des petits actes dans Ma Volonté, ta prière, tes souffrances, ton « Je "
LDC.T33.E0003.P010,LDC.T33.E0003.P010,JESUS,40,135,3,inline,"'. Mais dans notre « Je t’aime », Nous faisons couler la Vie et l’œuvre de notre Divine Volonté.'"
LDC.T33.E0016.P014,LDC.T33.E0016.P014,JESUS,0,132,2,block,"""Seule la volonté humaine, ayant été créée avec le grand don du libre arbitre afin de pouvoir nous dire librement qu'« e"
LDC.T33.E0003.P015,LDC.T33.E0003.P015,JESUS,0,195,3,block,"""Sublime leçon, ce commencement de l'Amour, qui devait courir dans toute l'œuvre de la créature. La première leçon qu'el"
LDC.T33.E0003.P016,LDC.T33.E0003.P016,JESUS,0,213,3,block,'Il aimait répondre tendrement à son « Je t’aime ». Il lui donnait en même temps la première leçon de notre Divine Volon
LDC.T33.E0003.P017,LDC.T33.E0003.P017,JESUS,0,321,3,block,"""À chaque «Je t’aime», notre Amour préparait des leçons toujours plus belles de notre Vouloir. Il en était ravi et Nous "
LDC.T33.E0046.P017,LDC.T33.E0046.P017,JESUS,0,143,3,block,"""Mais ce n'est pas tout. Car tant que Mon Amour n'est pas à l'excès, au point de dire : ‘Je n'ai plus rien à te donner’,"
LDC.T33.E0051.P028,LDC.T33.E0051.P028,JESUS,0,167,3,block,"'Et s’il n’en était pas ainsi, on ne pourrait pas dire : « Que votre Volonté soit faite sur la terre comme au Ciel ». Ce"
LDC.T34.E0014.P004,LDC.T34.E0014.P004,JESUS,340,687,2,inline,"""Je T'aime ». Notre Puissance se reflète en elle pour la soutenir. Bref, notre Sagesse se reflète en elle et la dirige N"
LDC.T34.E0044.P005,LDC.T34.E0044.P005,JESUS,0,251,4,block,"""Elles ne cessent de murmurer « Amour, Gloire, Adoration. » Si elles respirent, elles murmurent Amour. Si le sang circul"
LDC.T34.E0006.P010,LDC.T34.E0006.P010,JESUS,0,384,4,block,"'Lorsqu’elle tourne dans les actes de la Rédemption pour les faire siens, Je répète Ma Vie. Je répète Ma Conception, Ma "
LDC.T34.E0018.P010,LDC.T34.E0018.P010,JESUS,0,222,3,block,"'Et par son ‘Fiat’ elle hérita la fécondité et la Maternité Divine et humaine, elle hérita le Verbe du Père céleste, ell"
LDC.T34.E0019.P010,LDC.T34.E0019.P010,JESUS,98,231,2,inline,"""pour Moi et pour tous. Elle invita le soleil dans sa mer d'Amour. Et elle imprima sur chaque goutte de lumière son «Je "
LDC.T34.E0019.P012,LDC.T34.E0019.P012,JESUS,92,520,6,inline,""". Puis elle l'appela afin de Le caresser et qu'Il puisse ressentir avec chaque souffle le « Je t’aime, ô Fils, Je t’aim"
LDC.T34.E0006.P014,LDC.T34.E0006.P014,JESUS,0,315,3,block,"'Je trouve les cieux qui Me parlent, les soleils qui M’aiment, les vents qui gémissent d’amour pour Moi, bref, toutes le"
LDC.T34.E0020.P014,LDC.T34.E0020.P014,JESUS,0,193,2,block,"""Et Mon Amour, afin de ne pas rester derrière Mon Fiat, ressent le besoin irrésistible de courir et d'aimer chacun des a"
LDC.T34.E0034.P014,LDC.T34.E0034.P014,JESUS,0,495,2,block,"""Notre Puissance créatrice est toujours en acte. En s'identifiant à Nous comme si Nous renouvelions nos Œuvres, Nous lui"
LDC.T34.E0037.P014,LDC.T34.E0037.P014,JESUS,0,296,2,block,"""Ce sont les prodiges que sait faire Mon FIAT Omnipotent, qui, là où IL règne, ne sait faire que des Œuvres, qui Lui res"
LDC.T34.E0021.P016,LDC.T34.E0021.P016,JESUS,0,359,5,block,"""Telles sont les lois de la Vie dans Ma Volonté, « le tien » et « le mien » cessent des deux côtés, ils ne forment plus "
LDC.T34.E0034.P016,LDC.T34.E0034.P016,JESUS,0,262,2,block,"""Dans notre enthousiasme d'Amour, Nous redisons : « Comme elle est belle ! Elle est à Nous, toute à Nous, et Nous sommes"
LDC.T34.E0023.P025,LDC.T34.E0023.P025,MARY,0,158,2,block,"""Mon Cœur ne cesse d'appeler et de répéter, « Mes enfants, mes enfants, venez à votre Mère, et aimez-moi comme une Mère "
LDC.T34.E0020.P027,LDC.T34.E0020.P027,JESUS,0,337,2,block,"""Fille de Mon Vouloir, comme Je suis heureux de voir que Ma Divine Volonté agit dans l'acte de la créature. Cet acte est"
LDC.T34.E0016.P028,LDC.T34.E0016.P028,JESUS,0,166,2,block,"""Et la petitesse humaine est contrainte de dire : ‘C'est assez, Je suis déjà noyée, Je Me sens dévorée par ton Amour, Je"
LDC.T34.E0037.P028,LDC.T34.E0037.P028,JESUS,0,128,2,block,"""Quand, émue par la fièvre de notre Amour et de notre Souffle brûlant qui lui dit sans cesse : ‘Oh ! Fille, Je t'aime, J"
LDC.T34.E0016.P029,LDC.T34.E0016.P029,JESUS,0,140,3,block,"""Tu dois savoir que notre Amour n'est pas satisfait et ne dit jamais ‘c'est assez’. Peu importe ce qu'Il donne, Il veut "
LDC.T34.E0039.P032,LDC.T34.E0039.P032,JESUS,0,121,3,block,"""Et, toute Bonté, Je lui dis : ‘N’aie pas peur.’ « J'ai suppléé à tout pour toi et tu seras plus attentive, n'est-ce pas"
LDC.T34.E0045.P033,LDC.T34.E0045.P033,JESUS,0,196,2,block,"'Par conséquent, Je murmure toujours à l’oreille du cœur : « Mon enfant, reviens dans Ma Volonté, retourne à ton Origine"
LDC.T34.E0044.P035,LDC.T34.E0044.P035,JESUS,0,107,2,block,"""Notre Amour ne serait pas satisfait s'Il ne disait pas : « J'ai tout donné, Je n'ai plus rien à lui donner."""
LDC.T34.E0022.P040,LDC.T34.E0022.P040,JESUS,0,155,3,block,"'Triomphant, Il lui donne un nom nouveau. Il l’appelle « Mon Fiat ». Ce nom est le nom le plus beau, qui fera sourire to"
LDC.T34.E0034.P041,LDC.T34.E0034.P041,JESUS,0,63,2,block,"'Chacune pourra dire, ‘Tout est à Moi et Dieu Lui-même est à Moi'"
LDC.T35.E0002.P002,LDC.T35.E0002.P002,JESUS,4,289,7,block,"""Ma fille, « Je T'aime, Je T'aime. » Et toi, dis-Moi que tu M'aimes pour que Je puisse placer Mon grand « Je T'aime » su"
LDC.T35.E0029.P003,LDC.T35.E0029.P003,JESUS,4,547,3,block,"'Fille de Ma Volonté, tu dois savoir que seul ton Jésus connaît les secrets de Mon Fiat. Parce que, comme Verbe du Père,"
LDC.T35.E0027.P004,LDC.T35.E0027.P004,JESUS,0,180,3,block,"""Or, veux-tu savoir qui peut donner cette fraîcheur à l'intensité et à la plénitude de notre amour ? Le « Je t'aime » de"
LDC.T35.E0029.P004,LDC.T35.E0029.P004,JESUS,0,400,2,block,"'Lorsqu’Il créait le ciel, il t’appelait dans sa voûte azurée en disant : « Ma fille, viens voir le beau ciel que j’ai c"
LDC.T35.E0032.P005,LDC.T35.E0032.P005,JESUS,0,286,2,block,"'Peut-être plus irrésistible que la violence elle-même. Il embaume la créature de sa douceur, en lui faisant sentir la b"
LDC.T35.E0002.P006,LDC.T35.E0002.P006,JESUS,0,99,4,block,"""Ils attendent tous avec impatience le « Je T'aime » de Celui à qui ils destinaient leur « Je T'aime"""
LDC.T35.E0027.P006,LDC.T35.E0027.P006,JESUS,0,214,5,block,"""Ce « Je t'aime » chemine dans notre immensité et y forme sa petite place où s'installer. Ainsi, le « Je t'aime » de la "
LDC.T35.E0030.P006,LDC.T35.E0030.P006,JESUS,0,389,2,block,"'Parce que Mon amour, Mon doux emprisonnement, Me disait « Le dessein pour lequel tu es descendu du ciel sur la terre n’"
LDC.T35.E0002.P007,LDC.T35.E0002.P007,JESUS,0,142,3,block,"""Ainsi, sur les ailes de Ma Volonté J’envoie à tous ton « Je T'aime » pour les payer en retour de l'amour qu'ils ont pou"
LDC.T35.E0029.P007,LDC.T35.E0029.P007,JESUS,0,371,3,block,"'Elle ne se contente pas de t’appeler des hauteurs de sa sphère mais t’appelant de plus en plus, elle veut aller jusqu’e"
LDC.T35.E0027.P008,LDC.T35.E0027.P008,JESUS,0,429,3,block,"""Le « Je t'aime » de la créature est si réconfortant que Nous donnerions n'importe quoi pour le recevoir. Tu vois, celle"
LDC.T35.E0011.P009,LDC.T35.E0011.P009,JESUS,0,150,2,block,"'Alors ses ordres Nous amusent, Nous rendent joyeux, au point de lui dire : « Prends, veux-tu autre chose ? Plus tu pren"
LDC.T35.E0014.P009,LDC.T35.E0014.P009,JESUS,0,68,2,block,'Si bien que personne ne peut dire « Je n’étais pas là dans cet Acte.'
LDC.T35.E0022.P009,LDC.T35.E0022.P009,JESUS,0,450,3,block,"'Ainsi, chaque « Je t’aime » possède la vie d’amour ; Chaque adoration possède la vie de divine Adoration ; Chaque vertu"
LDC.T35.E0029.P009,LDC.T35.E0029.P009,JESUS,0,116,2,block,'Elle t’appelle dans la mer avec son murmure pour te dire : « Cette mer est à toi. Accepte-la comme un cadeau de Moi.'
LDC.T35.E0003.P010,LDC.T35.E0003.P010,JESUS,0,72,2,block,'Il nous dit : « Je suis votre Acte. Vous devez Me donner ce que Je veux.'
LDC.T35.E0014.P011,LDC.T35.E0014.P011,JESUS,0,333,3,block,'Ces actes sont comme des prétextes pour notre Amour et qui Nous disent : « La créature Nous a donné une place dans son 
LDC.T35.E0027.P011,LDC.T35.E0027.P011,JESUS,0,479,2,block,"""Aussi, dans sa fougue amoureuse IL lui dit : « Je suis si ravi que tu vives dans Mon Vouloir car tu es Ma joie et Ma fé"
LDC.T35.E0028.P011,LDC.T35.E0028.P011,JESUS,0,438,2,block,"'Et veux-tu savoir sur quoi portait Mon sermon ? Je leur ai dit : « Mes enfants, écoutez-Moi. Je vous aime beaucoup et J"
LDC.T35.E0021.P012,LDC.T35.E0021.P012,JESUS,0,186,3,block,"'La plénitude de sa lumière est telle qu’elle investit la terre tout entière, visitant tous les cœurs en apportant le ‘B"
LDC.T35.E0027.P012,LDC.T35.E0027.P012,JESUS,0,266,3,block,"""Je veux tout faire Moi-même. Si en les prenant elle Me dit : « Je prends tout dans ta Volonté parce que Je t'aime. Je v"
LDC.T35.E0011.P013,LDC.T35.E0011.P013,JESUS,0,166,2,block,"""Et ravis, Nous disons : « Quel art d'Amour elle possède ! Elle se cache dans les actes des créatures pour ne pas être r"
LDC.T35.E0021.P013,LDC.T35.E0021.P013,JESUS,0,724,3,block,"'Cette lumière déborde d’amour, d’adoration, de reconnaissance, de gratitude, de gloire et de bénédiction. Mais à qui to"
LDC.T35.E0024.P013,LDC.T35.E0024.P013,JESUS,0,187,2,block,"'Ma fille, ne sois pas surprise. Lorsque nous opérons, nos œuvres sont complètes si bien que personne ne puisse jamais d"
LDC.T35.E0030.P013,LDC.T35.E0030.P013,JESUS,0,586,2,block,'Mais Je ne voulais pas rester captif tout seul. Mon amour s’est enflammé plus encore et t’a choisie pour être prisonniè
LDC.T35.E0011.P014,LDC.T35.E0011.P014,JESUS,0,245,4,block,"""Comme c'est Nous-mêmes qui aimons, Nous lui laissons faire tout ce qu'elle veut. » Nous appelons ces actes ‘nos Actes’."
LDC.T35.E0002.P015,LDC.T35.E0002.P015,JESUS,0,190,2,block,"""Dans notre excès d'Amour, nous disons à cette créature : « Elle Nous aime et Nous devons l'aimer. Et en l’aimant, Nous "
LDC.T35.E0029.P015,LDC.T35.E0029.P015,JESUS,0,389,3,block,"'Où ne t’ai-Je pas appelée pour te donner tout ce que J’ai fait, pour épancher Mon amour, pour te faire sentir combien J"
LDC.T35.E0033.P015,LDC.T35.E0033.P015,JESUS,4,308,2,block,"'Ma bonne fille, notre Fiat a manifesté notre amour opérant, puissant et sage dans la Création. De telle sorte que toute"
LDC.T35.E0041.P015,LDC.T35.E0041.P015,JESUS,0,193,2,block,"'Si cet acte ne commence pas dans notre Volonté, l’ordre, la sainteté et la beauté en seraient absents. Cet acte ne pour"
LDC.T35.E0009.P016,LDC.T35.E0009.P016,JESUS,0,168,2,block,'- et de pouvoir dire à ton Créateur : « Ton Amour pour Moi est toujours plus grand et toujours nouveau. Toujours plus g
LDC.T35.E0024.P016,LDC.T35.E0024.P016,JESUS,0,332,3,block,"'De cette manière, chacun, les choses créées comme les créatures, peut dire : « Le soleil est à Moi. » Alors que le cent"
LDC.T35.E0026.P016,LDC.T35.E0026.P016,JESUS,0,408,2,block,'Ils la mettent en harmonie avec eux-mêmes. Ils embaument son acte et souffle en lui leur Puissance créatrice pour en fa
LDC.T35.E0029.P016,LDC.T35.E0029.P016,JESUS,0,77,2,block,'Alors Je peux dire : « J’ai été entendu. Ma fille M’a reconnu et elle M’aime.'
LDC.T35.E0031.P016,LDC.T35.E0031.P016,JESUS,0,336,2,block,"'Mon Fiat revient voir ce qu’il a fait dans l’acte de la créature et Il en est enchanté, ravi de voir une vie nouvelle. "
LDC.T35.E0025.P017,LDC.T35.E0025.P017,JESUS,0,178,3,block,"'(4) Ah ! Ma fille, tu ne comprends pas bien ce que signifie « Ne pas faire notre Volonté » : Ils nous enlèvent tous nos"
LDC.T35.E0026.P017,LDC.T35.E0026.P017,JESUS,0,257,3,block,"'Le ciel est inondé de joies et de bonheurs nouveaux. Du coup, tous en sont reconnaissants et l’appellent, tous ensemble"
LDC.T35.E0022.P018,LDC.T35.E0022.P018,JESUS,0,306,5,block,"'(7) Mais ce n’est pas tout, Ma fille. Je veux te dire une autre surprise. Pour la créature qui vit dans Ma Volonté, un "
LDC.T35.E0030.P019,LDC.T35.E0030.P019,JESUS,4,883,3,block,"'Ma fille, Ma pauvre fille, tu as subi le même sort que Moi ! Lorsque Mon Amour veut accorder un bien, il n’épargne rien"
LDC.T35.E0023.P020,LDC.T35.E0023.P020,JESUS,4,216,3,block,"'Ma fille, il n’est pas surprenant que chaque acte de la créature même un petit « Je t’aime » accompli dans Ma Volonté e"
LDC.T35.E0028.P020,LDC.T35.E0028.P020,JESUS,0,703,2,block,"'(3) Ma fille, à Mes paroles, certains enfants furent émus, restaient immobiles, d’autres étaient ravis, pleurèrent de j"
LDC.T35.E0029.P020,LDC.T35.E0029.P020,JESUS,0,278,2,block,"""Mais, sais-tu de quoi il s'agit ? De notre Volonté. En lui donnant cela, elle reçoit le bien le plus grand. Aussi, en l"
LDC.T35.E0009.P021,LDC.T35.E0009.P021,JESUS,0,371,3,block,"""Par ce Don, tout lui appartient. Elle a droit à tout. Et dès qu’elle s’est tout approprié, Nous ajoutons le Don du trio"
LDC.T35.E0018.P021,LDC.T35.E0018.P021,JESUS,4,294,2,block,"'Ma bonne fille, notre Amour est tel que partout et en tout lieu même dans le plus petit brin d’herbe, dans l’air que re"
LDC.T35.E0022.P021,LDC.T35.E0022.P021,JESUS,0,280,3,block,"'Ces petites vies ne meurent jamais, elles sont éternelles avec nous. Les « Je t’aime », les actes dans Ma Volonté peupl"
LDC.T35.E0044.P021,LDC.T35.E0044.P021,JESUS,0,164,3,block,'Nous voulons trouver le « Je Vous aime » de la créature dans nos œuvres afin qu’en l’armant de notre Puissance nous pui
LDC.T35.E0018.P022,LDC.T35.E0018.P022,JESUS,0,123,3,block,"""Notre Amour est inconsolable tant qu'Il n'est pas entendu et qu'Il ne reçoit pas en retour le « Je T'aime » de la créat"
LDC.T35.E0026.P022,LDC.T35.E0026.P022,JESUS,0,277,2,block,"""D'ailleurs, ce sont toujours les mêmes prétextes de notre amour qui, - voulant donner, trouve l'occasion de dire : « El"
LDC.T35.E0036.P022,LDC.T35.E0036.P022,JESUS,0,272,10,block,"'Toutes les choses possèdent une voix : certaines disent ‘Amour’, d’autres ‘Gloire’, ‘Adoration’, d’autres ‘Merci’, et d"
LDC.T35.E0044.P022,LDC.T35.E0044.P022,JESUS,0,235,3,block,'Oh ! combien nous sommes heureux de trouver son petit « Je Vous aime » comme une étagère où disposer nos œuvres. Il est
LDC.T35.E0037.P023,LDC.T35.E0037.P023,JESUS,0,124,2,block,"'Aussi, Nous pouvons dire : « C’est Nous qui avons formé tant de Vies de Nous-mêmes et qui les avons semées dans la créa"
LDC.T35.E0018.P024,LDC.T35.E0018.P024,JESUS,2,188,5,inline,"'Ah ! Personne ne Nous écoute, personne ne répète : “Je T’aime” pour Nous. À quoi bon dire « Je T’aime » si personne ne "
LDC.T35.E0029.P024,LDC.T35.E0029.P024,JESUS,5,279,2,inline,"'À toi le mérite et à Moi le gain de recevoir toute la gloire de Ma Volonté Divine. Chaque fois que Je te La donne, Ma G"
LDC.T35.E0030.P024,LDC.T35.E0030.P024,JESUS,4,303,6,block,"'Fille de Ma Volonté, comme l’a dit ton Jésus, en descendant du Ciel sur la terre : « Je M’en vais et Je reste ». Lorsqu"
LDC.T35.E0018.P025,LDC.T35.E0018.P025,JESUS,0,262,5,block,"""Notre « Je T’aime » ne sait pas où aller, ni où s’appuyer, s’il ne trouve pas le « Je t’aime » de la créature qui le re"
LDC.T35.E0008.P026,LDC.T35.E0008.P026,JESUS,0,226,4,block,"""C'est un immense stratagème de notre Amour que seul un Dieu peut accomplir. Au lieu de dire à la créature « Tu dois Nou"
LDC.T35.E0018.P026,LDC.T35.E0018.P026,JESUS,0,131,3,block,"'Lorsque la créature entend notre « Je t’aime » et Nous le renvoie, dans notre excès d’Amour et apaisés par son amour, N"
LDC.T35.E0030.P026,LDC.T35.E0030.P026,JESUS,0,364,3,block,"'Par conséquent, en toute vérité, elle peut dire : « Je M’en vais et Je reste. » Je M’en vais au ciel pour le béatifier,"
LDC.T35.E0006.P027,LDC.T35.E0006.P027,JESUS,0,404,3,block,"""Tu dois savoir que lorsque Nous aimons sans trouver quelqu'un qui Nous aime, notre Amour ne sait où se tourner pour êtr"
LDC.T35.E0016.P027,LDC.T35.E0016.P027,JESUS,0,292,2,block,"'Dans notre excès d’Amour, Nous la regardons. Et Nous trouvons le Ciel et l’Amour que Nous ressentions en étendant sa vo"
LDC.T35.E0018.P027,LDC.T35.E0018.P027,JESUS,2,186,3,inline,"'Finalement, on Nous écoute. Notre amour a trouvé où aller, un lieu de refuge. Nous avons été reconnus. Nous avons trouv"
LDC.T35.E0016.P028,LDC.T35.E0016.P028,JESUS,0,137,3,block,"'Ces voix des « Je t’aime » forment la plus belle des musiques célestes. Ce doux son Nous enivre. Et dans notre ivresse,"
LDC.T35.E0018.P028,LDC.T35.E0018.P028,JESUS,0,555,3,block,"'Mais lorsque Nous ne pouvons pas trouver quelqu’un qui dit « Je t’aime », alors Nous ne trouvons personne qui Nous reco"
LDC.T35.E0043.P028,LDC.T35.E0043.P028,JESUS,0,158,4,block,"'Même les plus petits « Je Vous aime », « Je vous adore, Je vous bénis » de la créature qui vit dans notre sainte Volont"
LDC.T35.E0002.P029,LDC.T35.E0002.P029,JESUS,0,76,2,block,"""Ce sera l'accomplissement de l'Œuvre de la Création, notre « consummatum est"""
LDC.T35.E0043.P029,LDC.T35.E0043.P029,JESUS,0,176,4,block,'Même les Saints et les Anges se sentent honorés de faire place en eux au plus petit « Je Vous aime » de cette créature 
LDC.T35.E0016.P030,LDC.T35.E0016.P030,JESUS,0,117,2,block,"'Car il manquait une créature qui, unie à notre Volonté, faisait dire à nos Œuvres : « Je t’aime, Je t’aime, Je t’aime'"
LDC.T35.E0043.P030,LDC.T35.E0043.P030,JESUS,0,155,3,block,'Quelle ne sera pas sa joie lorsqu’elle viendra dans la Patrie céleste et qu’elle verra son « Je vous aime » dans tous l
LDC.T35.E0008.P031,LDC.T35.E0008.P031,JESUS,0,222,2,block,"""(5) Écoute maintenant une autre surprise d'amour qui est presque incroyable. Lorsque la créature Nous a donné la libert"
LDC.T35.E0004.P033,LDC.T35.E0004.P033,JESUS,0,104,2,block,"'Dans notre Volonté, la créature peut dire : « Tout est à Moi, Dieu Lui-même ainsi que la Volonté Divine.'"
LDC.T35.E0018.P033,LDC.T35.E0018.P033,JESUS,0,297,7,block,"""Celle-ci la dote de son ouïe et de sa parole divine. Ainsi elle entend quand son Créateur lui dit : « Je T’aime. » Et e"
LDC.T35.E0004.P037,LDC.T35.E0004.P037,JESUS,0,198,7,block,"""Pouvoir dire : « Tout ce qui est à Nous est à toi » constitue notre plus grand Bonheur. La désunion n'apporte jamais au"
LDC.T35.E0004.P038,LDC.T35.E0004.P038,JESUS,0,111,5,block,"""Dans notre Volonté, la désunion n'existe pas, ni le « tien » et le « mien ». Car tout est en parfaite harmonie."""
LDC.T35.E0015.P038,LDC.T35.E0015.P038,JESUS,0,94,2,block,"'Regarde, Ma fille, comme il est écrit en tout ce qu’elle a fait et souffert « Pour Mes enfants'"
LDC.T35.E0002.P040,LDC.T35.E0002.P040,JESUS,0,274,2,block,'(6) « Hâte-toi ! Je ne peux plus contenir Mon Amour. Je veux voir Mes enfants vivre avec Moi dans cette Divine Volonté 
LDC.T35.E0007.P040,LDC.T35.E0007.P040,JESUS,0,199,2,block,"'Les anges et les saints, qui le savent, languissent après ton appel pour obtenir ce grand Bien. Et lorsque tu ne les ap"
LDC.T35.E0040.P046,LDC.T35.E0040.P046,JESUS,0,232,2,block,'C’est pour la créature comme si elle était enfermée dans une chambre et que quelqu’un lui dise : « Derrière cette porte
LDC.T35.E0016.P051,LDC.T35.E0016.P051,JESUS,0,209,3,block,"'Et la créature, à travers elles, devait aimer leur Créateur. Tu dois savoir que chacun de tes « Je t’aime », que tu cac"
LDC.T35.E0016.P052,LDC.T35.E0016.P052,JESUS,0,404,3,block,"'Nous les aimons, Nous les embrassons, Nous les étreignons et ils font notre délice. Nous Nous sentons glorifiés et payé"
LDC.T35.E0016.P054,LDC.T35.E0016.P054,JESUS,0,217,5,block,"'Si ces « Je t’aime » ne peuvent être vus que par Nous-mêmes, c’est parce que notre Volonté, Immense également dans la C"
LDC.T35.E0016.P065,LDC.T35.E0016.P065,JESUS,0,414,3,block,"'Au contraire, dans la Rédemption : souffrances, amertume, pleurs, remèdes pour restaurer l’homme… Mais la créature, en "
LDC.T35.E0016.P066,LDC.T35.E0016.P066,JESUS,0,145,3,block,"'Mais dans les joyaux de ses « Je t’aime » Je trouverai aussi, celle qui sèche Mes Larmes, celle qui partage Mes Souffra"
LDC.T36.E0007.P004,LDC.T36.E0007.P004,JESUS,0,157,2,block,"'Pour que celles-ci puissent avoir cours en tant que notre monnaie, Je les frappe de Mon Image et J’écris autour : « Jés"
LDC.T36.E0046.P004,LDC.T36.E0046.P004,JESUS,0,388,2,block,'Tu te sens loin de Moi qui vis en toi et t’aime tant. Tu dois savoir que lorsque la créature entre dans notre Vouloir p
LDC.T36.E0003.P005,LDC.T36.E0003.P005,JESUS,0,345,8,block,"'Ces plaies, comme autant de bouches, brûlaient et ressentaient une soif ardente qui voulait se satisfaire, et incapable"
LDC.T36.E0007.P005,LDC.T36.E0007.P005,JESUS,0,88,2,block,"""Or, cette monnaie d'Amour donne le droit à la créature de pouvoir Me dire « Je T'ai aimé"""
LDC.T36.E0019.P005,LDC.T36.E0019.P005,JESUS,0,389,2,block,'Et cela pour que Nous puissions dire des deux côtés : Ce qui est à Moi est à toi. L’Amour vrai n’est satisfait que lors
LDC.T36.E0003.P006,LDC.T36.E0003.P006,JESUS,0,213,2,block,"'Ah ! donne-Moi une petite goutte de ton amour pour calmer un peu Ma soif ardente. En tout ce que fait la créature, Je l"
LDC.T36.E0011.P006,LDC.T36.E0011.P006,JESUS,0,234,2,block,"'À mesure que la créature répète ses actes, l’un devient une étoile, un autre un soleil, un autre un vent qui gémit et s"
LDC.T36.E0003.P007,LDC.T36.E0003.P007,JESUS,0,82,2,block,'De même que Mon Humanité disloquée et blessée n’avait qu’un seul cri : « J’ai soif'
LDC.T36.E0005.P007,LDC.T36.E0005.P007,JESUS,120,288,2,inline,"'’avez demandé, et non pas seulement une fois, mais des milliers de fois’ ? Non seulement Nous l’aimons avec un amour re"
LDC.T36.E0010.P007,LDC.T36.E0010.P007,JESUS,0,77,3,block,'Je peux dire que Ma Volonté met le « Ça suffit » sur les maux de la créature.'
LDC.T36.E0011.P008,LDC.T36.E0011.P008,JESUS,0,257,5,block,"'De plus, un acte seul n’a jamais formé de sainteté. Lorsque les actes ne sont pas continuels, ils ne possèdent ni la fo"
LDC.T36.E0019.P008,LDC.T36.E0019.P008,JESUS,0,84,2,block,"'Aussi, aimons-Nous d’un même Amour et disons ensemble : « Ce que tu veux, Je le veux'"
LDC.T36.E0023.P008,LDC.T36.E0023.P008,JESUS,0,162,2,block,'Je donne la vertu de bilocation à sa propre vie humaine au point de pouvoir dire : « La créature M’a donné autant de vi
LDC.T36.E0026.P009,LDC.T36.E0026.P009,JESUS,0,223,3,block,"'De plus, qu’est-ce que cette Hostie Me donne ? Rien ! Pas même un « Je t’aime », ni souffle, ni battement de cœur ni co"
LDC.T36.E0044.P009,LDC.T36.E0044.P009,JESUS,0,198,3,block,"'Sais-tu alors ce qui se passe ? Nous voyons la lumière du soleil, tous ses effets, tous les lieux où pénètre sa lumière"
LDC.T36.E0014.P011,LDC.T36.E0014.P011,JESUS,0,125,2,block,"'Lorsque l’âme y a vécu quelque temps, la trouvant fidèle, Je vais vers elle et Je lui dis : « Donne-Moi ce que Je t’ai "
LDC.T36.E0003.P012,LDC.T36.E0003.P012,JESUS,0,55,3,block,"'Ce cri : « J’ai soif », Je l’ai laissé dans Ma Volonté.'"
LDC.T36.E0023.P012,LDC.T36.E0023.P012,JESUS,0,268,2,block,"'Après l’avoir obtenu, Je ressens le besoin de Me reposer et de chanter victoire. Il n’existe pas de joie plus belle que"
LDC.T36.E0020.P014,LDC.T36.E0020.P014,JESUS,0,213,3,block,"'Nous trouvons dans la créature : l’amour qui nous blesse, l’amour qui nous adoucit, l’amour qui dit toujours « Amour »."
LDC.T36.E0018.P015,LDC.T36.E0018.P015,JESUS,0,119,2,block,"'Je peux dire : « Qu’aurais-Je pu faire que Je n’aie pas fait ? Aurais-Je pu t’aimer davantage, et Je ne l’ai pas fait ?"
LDC.T36.E0019.P015,LDC.T36.E0019.P015,JESUS,0,158,2,block,"'(5) Ma Volonté opérante doit faire des prodiges, dans la créature comme en Nous-mêmes, au point de pouvoir dire : « Je "
LDC.T36.E0028.P015,LDC.T36.E0028.P015,JESUS,0,272,2,block,"'De plus, notre Amour et notre Jalousie sont si grands que Nous ne laissons pas même un seul de ses souffles sans notre "
LDC.T36.E0002.P016,LDC.T36.E0002.P016,JESUS,0,165,3,block,"'Et chacun reprend en chœur : « Ah ! C’est une âme qui vit dans la Divine Volonté sur la terre ! » Quelles merveilles, q"
LDC.T36.E0003.P016,LDC.T36.E0003.P016,JESUS,0,153,3,block,"'Ce n’est pas seulement Mon « J’ai soif », mais tout ce que J’ai fait et dit dans Ma Volonté qui est toujours dans l’act"
LDC.T36.E0011.P017,LDC.T36.E0011.P017,JESUS,0,216,2,block,"'(5) Mon désir est si grand que l’âme vive dans Mon Vouloir, Mon impatience et Mes soupirs si ardents, que Je vais répét"
LDC.T36.E0018.P017,LDC.T36.E0018.P017,JESUS,0,117,2,block,"'J’enferme tout dans cet Acte afin de pouvoir dire : « C’est notre acte, un Acte complet. Il ne doit rien lui manquer.'"
LDC.T36.E0039.P017,LDC.T36.E0039.P017,JESUS,0,238,3,block,'Il la porte dans nos bras et nous fait dire continuellement : « Nous te faisons à notre Image et à notre Ressemblance. 
LDC.T36.E0020.P018,LDC.T36.E0020.P018,JESUS,0,175,3,block,"'Il voit ses vagues et son souffle investis par ton « Je t’aime » ! Et lorsque nous entendons tes souffles d’amour, Nous"
LDC.T36.E0020.P019,LDC.T36.E0020.P019,JESUS,0,171,3,block,'L’air que chacun respire t’attend afin d’être animé par ta voix. Et dans chaque souffle que les choses créées reçoivent
LDC.T36.E0036.P019,LDC.T36.E0036.P019,JESUS,0,177,2,block,"'Et pour la satisfaire, Nous lui disons : « Pauvre enfant, tu as raison. Tu es à Nous et tu fais également partie des au"
LDC.T36.E0020.P020,LDC.T36.E0020.P020,JESUS,0,205,5,block,"'Et dans chaque souffle que les choses créées émettent, ton « Je t’aime » court pour Nous apporter dans le sein de ton «"
LDC.T36.E0007.P021,LDC.T36.E0007.P021,JESUS,0,239,3,block,'J’appelle le ciel tout entier et la sacro-sainte Trinité à fêter la nouvelle fille que J’ai acquise. Tout le monde la r
LDC.T36.E0001.P022,LDC.T36.E0001.P022,JESUS,0,122,3,block,"'Même dans le petit oiseau qui chante et gazouille, nous entendons le « Je vous aime » de celle qui vit dans notre Voulo"
LDC.T36.E0007.P022,LDC.T36.E0007.P022,JESUS,0,217,3,block,"'Dans Mon Vouloir, elle est toujours avec Moi. Tout ce que Je fais, elle le fait. Par conséquent, dans Mes renaissances "
LDC.T36.E0001.P023,LDC.T36.E0001.P023,JESUS,0,249,3,block,"'Si dans le transport de son amour, l’âme veut Nous aimer encore plus, elle entre dans notre acte créateur et elle prend"
LDC.T36.E0007.P023,LDC.T36.E0007.P023,JESUS,0,150,3,block,"'Bref, si Je souffre, si Je travaille, si Je marche, J’écris : « La fille de Mes souffrances, de Mes œuvres, la fille de"
LDC.T36.E0046.P023,LDC.T36.E0046.P023,JESUS,0,434,3,block,"'Ma bonne fille, le manque d’amour de la créature Me fait pleurer amèrement. Lorsque Je vois que Je ne suis pas aimé, Je"
LDC.T36.E0005.P024,LDC.T36.E0005.P024,JESUS,0,284,5,block,"'On peut dire que chaque fleur et chaque plante apporte le baiser, le « Je t’aime » de son Créateur à celle qui les rega"
LDC.T36.E0044.P024,LDC.T36.E0044.P024,JESUS,123,303,2,inline,'Nous voyons alors la créature grandir à notre Image et à notre Ressemblance. Et ce sont là nos vraies Joies dans la Cré
LDC.T36.E0030.P025,LDC.T36.E0030.P025,JESUS,0,185,4,block,"'Écoute combien il est beau de vivre dans Mon Vouloir. Ce que Je fais, l’âme le fait elle aussi. Lorsqu’elle entend que "
LDC.T36.E0018.P026,LDC.T36.E0018.P026,JESUS,0,200,2,block,"'Cette Prière s’impose sur nos Attributs divins et fait tomber des pluies de Miséricorde, de Grâces, de Pardon et d’Amou"
LDC.T36.E0030.P026,LDC.T36.E0030.P026,JESUS,0,173,2,block,"'Et Moi, en entendant que Je suis aimé, Je la transforme tellement en Moi que nous disons d’une seule voix : « Aimons-le"
LDC.T36.E0039.P026,LDC.T36.E0039.P026,JESUS,0,174,2,block,'Parce qu’elle a reçu de nous la Vertu génératrice de pouvoir générer autant de vies qu’elle veut afin de pouvoir Nous d
LDC.T36.E0023.P027,LDC.T36.E0023.P027,JESUS,0,197,6,block,"'Cette créature forme l’enchantement du Ciel tout entier. Et Nous l’appelons notre « bienvenue », la « porteuse » de tou"
LDC.T36.E0041.P029,LDC.T36.E0041.P029,JESUS,0,762,3,block,'Et cette âme en arrive au point de se faire porteuse de notre Être suprême. Parce que Nous ne sortons jamais hors de no
LDC.T36.E0027.P030,LDC.T36.E0027.P030,JESUS,0,246,2,block,"'Lorsque la créature est dans Mon Vouloir, Ma Volonté la trouve dans les pas de tous ceux qui M’aiment, dans leurs pensé"
LDC.T36.E0027.P031,LDC.T36.E0027.P031,JESUS,0,91,4,block,"'C’est pourquoi Je t’appelle « Mon écho », « Mon amour », « la petite répétitrice de Ma Vie.'"
LDC.T36.E0039.P031,LDC.T36.E0039.P031,JESUS,0,203,5,block,'Un seul « Je t’aime » par cette créature laisse derrière lui tout l’amour de toutes les autres créatures réunies. Ce « 
LDC.T36.E0022.P032,LDC.T36.E0022.P032,JESUS,0,355,2,block,"'Ainsi, dans chaque chose créée, dans le ciel constellé, dans la mer, dans les plantes, dans les fleurs, en toutes chose"
LDC.T36.E0032.P032,LDC.T36.E0032.P032,JESUS,0,144,2,block,'Si tu savais quelle compassion Je peux ressentir pour l’âme qui vit sans Ma Volonté. Je pourrais l’appeler « la scène d
LDC.T36.E0043.P032,LDC.T36.E0043.P032,JESUS,0,336,3,block,"'Nous pouvons dire : « Nous vivons dans l’homme et Nous le portons, Nous Nous faisons porter par lui, et il n’est rien q"
LDC.T36.E0019.P034,LDC.T36.E0019.P034,JESUS,0,238,2,block,"'Par conséquent, en regardant cette créature, dans le délire de notre Amour, Nous lui disons : « Notre Vouloir te rend t"
LDC.T36.E0017.P035,LDC.T36.E0017.P035,JESUS,0,221,2,block,'Nous appelons Nous-mêmes bienheureuse cette créature et Nous lui disons : « Tu es la plus heureuse et la plus fortunée 
LDC.T36.E0036.P037,LDC.T36.E0036.P037,JESUS,0,383,2,block,"'Ainsi, il y a des droits que Nous exigeons pour que la créature vive dans notre Volonté : des droits de Création, de Ré"
LDC.T36.E0040.P039,LDC.T36.E0040.P039,JESUS,0,678,3,block,"'Les Bienheureux n’ont rien à ajouter. Leur vie, leurs actes et leur volonté sont restés fixés en Nous. Et ils peuvent d"
LDC.T36.E0014.P040,LDC.T36.E0014.P040,JESUS,0,416,2,block,"'Nous trouvons notre Puissance qui Nous honore comme Nous le méritons, notre Immensité qui renferme toute chose et met t"
LDC.T36.E0018.P040,LDC.T36.E0018.P040,JESUS,0,176,3,block,"'Si Nous leur donnions, ce serait comme dit l’Évangile : « Ne donnez pas des perles aux pourceaux. » Ne les connaissant "
LDC.T36.E0023.P040,LDC.T36.E0023.P040,JESUS,0,308,3,block,"'Et avec ses actes d’amour répétés, c’est comme si Nous étions bombardés par des étoiles faisant pleuvoir sur Nous : « A"
LDC.T36.E0024.P044,LDC.T36.E0024.P044,JESUS,0,94,3,block,"'Dans l’air qu’elles respirent, Je leur envoie Mon distinct « Je vous aime » en chaque souffle.'"
LDC.T36.E0029.P044,LDC.T36.E0029.P044,JESUS,0,278,2,block,'Tu nous donnes l’occasion et la gloire comme si Nous répétions de nouveau tout ce que Nous avons fait par Amour pour le
LDC.T36.E0037.P044,LDC.T36.E0037.P044,JESUS,0,159,2,block,"'Ces Actes ont le pouvoir de s’identifier avec tous et de prendre partout leur place d’honneur. Là où est Ma Volonté, il"
LDC.T36.E0046.P047,LDC.T36.E0046.P047,JESUS,2,424,2,inline,"'Ma Mère, Je veux que tu sois la Mère de tous, et Je veux que tu fasses pour toutes les créatures ce que tu as fait pour"
LDC.T36.E0008.P048,LDC.T36.E0008.P048,JESUS,0,319,3,block,"'De plus, dans Ma Volonté, rien n’est perdu. Pour qui vit dans Ma Volonté, Celle-ci tient compte de tout : les respirati"
LDC.T36.E0037.P049,LDC.T36.E0037.P049,JESUS,0,108,2,block,'Et elle peut dire : « J’ai formé Moi-même un paradis pour Moi-même parce que le divin Fiat a opéré avec Moi.'
LDC.T36.E0027.P061,LDC.T36.E0027.P061,JESUS,0,195,2,block,'Nous pouvons dire : « Il a changé notre sort et le sien. Il a renversé notre dessein sur lui. Il ne fait qu’apporter de
